Date,DailyElectricity,AverageTemperature,holiday,month,Season,GDP
2014/1/1,92750.08,16,2,1,3,1182.31
2014/1/2,129481,17,0,1,3,1182.31
2014/1/3,161360,17,0,1,3,1182.31
2014/1/4,148608,16,1,1,3,1182.31
2014/1/5,138985.5708,17,1,1,3,1182.31
2014/1/6,156729,19,0,1,3,1182.31
2014/1/7,165086,17,0,1,3,1182.31
2014/1/8,165642,13,0,1,3,1182.31
2014/1/9,164249,14,0,1,3,1182.31
2014/1/10,160739,17,0,1,3,1182.31
2014/1/11,160739,17,1,1,3,1182.31
2014/1/12,141705,15,1,1,3,1182.31
2014/1/13,151591,12,0,1,3,1182.31
2014/1/14,160998,12,0,1,3,1182.31
2014/1/15,159013,13,0,1,3,1182.31
2014/1/16,156966,15,0,1,3,1182.31
2014/1/17,154241,14,0,1,3,1182.31
2014/1/18,146531,14,1,1,3,1182.31
2014/1/19,129968,15,1,1,3,1182.31
2014/1/20,131560,14,0,1,3,1182.31
2014/1/21,131031,13,0,1,3,1182.31
2014/1/22,124284,14,0,1,3,1182.31
2014/1/23,115689,14,0,1,3,1182.31
2014/1/24,103834,17,0,1,3,1182.31
2014/1/25,89054.08,19,1,1,3,1182.31
2014/1/26,76452.4,20,0,1,3,1182.31
2014/1/27,67931.35607,18,0,1,3,1182.31
2014/1/28,62932,20,0,1,3,1182.31
2014/1/29,54918.4,21,0,1,3,1182.31
2014/1/30,46260.48,20,0,1,3,1182.31
2014/1/31,40182,21,2,1,3,1182.31
2014/2/1,39841.36,22,2,2,3,1182.31
2014/2/2,40910.8,22,2,2,3,1182.31
2014/2/3,44925.44,22,1,2,3,1182.31
2014/2/4,50189.28,20,1,2,3,1182.31
2014/2/5,57390.08,20,1,2,3,1182.31
2014/2/6,64554.4,20,1,2,3,1182.31
2014/2/7,78661.76,15,0,2,3,1182.31
2014/2/8,89328.96,9,0,2,3,1182.31
2014/2/9,93403.2,9,1,2,3,1182.31
2014/2/10,111329,7,0,2,3,1182.31
2014/2/11,125683,7,0,2,3,1182.31
2014/2/12,133681,5,0,2,3,1182.31
2014/2/13,139305,9,0,2,3,1182.31
2014/2/14,134809,11,0,2,3,1182.31
2014/2/15,136264,12,1,2,3,1182.31
2014/2/16,124176,13,1,2,3,1182.31
2014/2/17,136615,18,0,2,3,1182.31
2014/2/18,149988,7,0,2,3,1182.31
2014/2/19,154887,10,0,2,3,1182.31
2014/2/20,156351,12,0,2,3,1182.31
2014/2/21,157482,15,0,2,3,1182.31
2014/2/22,153482,15,1,2,3,1182.31
2014/2/23,132288,19,1,2,3,1182.31
2014/2/24,147611,19,0,2,3,1182.31
2014/2/25,161046,20,0,2,3,1182.31
2014/2/26,161848,21,0,2,3,1182.31
2014/2/27,163611,21,0,2,3,1182.31
2014/2/28,199141,21,0,2,3,1182.31
2014/3/1,150216,19,1,3,0,1182.31
2014/3/2,129758,18,1,3,0,1182.31
2014/3/3,148947,18,0,3,0,1182.31
2014/3/4,164531,16,0,3,0,1182.31
2014/3/5,165792,15,0,3,0,1182.31
2014/3/6,167114,15,0,3,0,1182.31
2014/3/7,168048,13,0,3,0,1182.31
2014/3/8,162937,13,1,3,0,1182.31
2014/3/9,141403,14,1,3,0,1182.31
2014/3/10,157307,15,0,3,0,1182.31
2014/3/11,169850,17,0,3,0,1182.31
2014/3/12,171297,18,0,3,0,1182.31
2014/3/13,170631,15,0,3,0,1182.31
2014/3/14,170436,18,0,3,0,1182.31
2014/3/15,166162,18,1,3,0,1182.31
2014/3/16,138304,21,1,3,0,1182.31
2014/3/17,155134,22,0,3,0,1182.31
2014/3/18,172400,23,0,3,0,1182.31
2014/3/19,174310,20,0,3,0,1182.31
2014/3/20,176050,16,0,3,0,1182.31
2014/3/21,171882,17,0,3,0,1182.31
2014/3/22,166069,19,1,3,0,1182.31
2014/3/23,141441,21,1,3,0,1182.31
2014/3/24,157176,22,0,3,0,1182.31
2014/3/25,172869,23,0,3,0,1182.31
2014/3/26,173564,24,0,3,0,1182.31
2014/3/27,176781,24,0,3,0,1182.31
2014/3/28,178652,25,0,3,0,1182.31
2014/3/29,171736,22,1,3,0,1182.31
2014/3/30,142873,21,1,3,0,1182.31
2014/3/31,148278,22,0,3,0,1182.31
2014/4/1,163952,19,0,4,0,1414.61
2014/4/2,168833,18,0,4,0,1414.61
2014/4/3,170112,22,0,4,0,1414.61
2014/4/4,167042,22,0,4,0,1414.61
2014/4/5,105509,21,2,4,0,1414.61
2014/4/6,102998,22,1,4,0,1414.61
2014/4/7,143155,22,1,4,0,1414.61
2014/4/8,168025,24,0,4,0,1414.61
2014/4/9,175218,25,0,4,0,1414.61
2014/4/10,177757,25,0,4,0,1414.61
2014/4/11,170020,26,0,4,0,1414.61
2014/4/12,174795,26,1,4,0,1414.61
2014/4/13,157791,26,1,4,0,1414.61
2014/4/14,172997,24,0,4,0,1414.61
2014/4/15,178730,25,0,4,0,1414.61
2014/4/16,179154,25,0,4,0,1414.61
2014/4/17,182941,26,0,4,0,1414.61
2014/4/18,187023,26,0,4,0,1414.61
2014/4/19,183122,26,1,4,0,1414.61
2014/4/20,158600,26,1,4,0,1414.61
2014/4/21,175797,25,0,4,0,1414.61
2014/4/22,188220,24,0,4,0,1414.61
2014/4/23,184679,25,0,4,0,1414.61
2014/4/24,183126,25,0,4,0,1414.61
2014/4/25,185704,26,0,4,0,1414.61
2014/4/26,181912,25,1,4,0,1414.61
2014/4/27,161154,25,1,4,0,1414.61
2014/4/28,173040,24,0,4,0,1414.61
2014/4/29,184064,21,0,4,0,1414.61
2014/4/30,170456,21,0,4,0,1414.61
2014/5/1,97259.2,23,2,5,0,1414.61
2014/5/2,105982,25,1,5,0,1414.61
2014/5/3,146502,23,1,5,0,1414.61
2014/5/4,161534,21,0,5,0,1414.61
2014/5/5,170595,20,0,5,0,1414.61
2014/5/6,174076,19,0,5,0,1414.61
2014/5/7,175098,22,0,5,0,1414.61
2014/5/8,177593,22,0,5,0,1414.61
2014/5/9,176978,25,0,5,0,1414.61
2014/5/10,173645,24,1,5,0,1414.61
2014/5/11,150648,25,1,5,0,1414.61
2014/5/12,162594,26,0,5,0,1414.61
2014/5/13,188346,29,0,5,0,1414.61
2014/5/14,197570,28,0,5,0,1414.61
2014/5/15,204295,27,0,5,0,1414.61
2014/5/16,204855,27,0,5,0,1414.61
2014/5/17,195571,27,1,5,0,1414.61
2014/5/18,160801,27,1,5,0,1414.61
2014/5/19,181912,27,0,5,0,1414.61
2014/5/20,195539,26,0,5,0,1414.61
2014/5/21,194575,28,0,5,0,1414.61
2014/5/22,201094,26,0,5,0,1414.61
2014/5/23,192037,27,0,5,0,1414.61
2014/5/24,190089,29,1,5,0,1414.61
2014/5/25,173503,29,1,5,0,1414.61
2014/5/26,199421,29,0,5,0,1414.61
2014/5/27,218720,30,0,5,0,1414.61
2014/5/28,222477,29,0,5,0,1414.61
2014/5/29,224442,29,0,5,0,1414.61
2014/5/30,222774,29,0,5,0,1414.61
2014/5/31,209633,30,1,5,0,1414.61
2014/6/1,168574,29,1,6,1,1414.61
2014/6/2,128495,29,2,6,1,1414.61
2014/6/3,183722,29,0,6,1,1414.61
2014/6/4,214297,29,0,6,1,1414.61
2014/6/5,226015,28,0,6,1,1414.61
2014/6/6,213505,28,0,6,1,1414.61
2014/6/7,203263,28,1,6,1,1414.61
2014/6/8,182505,29,1,6,1,1414.61
2014/6/9,206231,29,0,6,1,1414.61
2014/6/10,218353,29,0,6,1,1414.61
2014/6/11,215527,30,0,6,1,1414.61
2014/6/12,209707,30,0,6,1,1414.61
2014/6/13,213742,31,0,6,1,1414.61
2014/6/14,211640,29,1,6,1,1414.61
2014/6/15,182864,29,1,6,1,1414.61
2014/6/16,211011,29,0,6,1,1414.61
2014/6/17,232360,29,0,6,1,1414.61
2014/6/18,228353,29,0,6,1,1414.61
2014/6/19,232052,29,0,6,1,1414.61
2014/6/20,230008,29,0,6,1,1414.61
2014/6/21,206400.5,28,1,6,1,1414.61
2014/6/22,182793,28,1,6,1,1414.61
2014/6/23,203836,28,0,6,1,1414.61
2014/6/24,214316,29,0,6,1,1414.61
2014/6/25,217290,30,0,6,1,1414.61
2014/6/26,223544,30,0,6,1,1414.61
2014/6/27,229570,31,0,6,1,1414.61
2014/6/28,224520,30,1,6,1,1414.61
2014/6/29,192425,30,1,6,1,1414.61
2014/6/30,205082,30,0,6,1,1414.61
2014/7/1,217036,30,0,7,1,1546.49
2014/7/2,224495,30,0,7,1,1546.49
2014/7/3,233089,30,0,7,1,1546.49
2014/7/4,236147,30,0,7,1,1546.49
2014/7/5,231816,31,1,7,1,1546.49
2014/7/6,199622,31,1,7,1,1546.49
2014/7/7,223484,30,0,7,1,1546.49
2014/7/8,239085,31,0,7,1,1546.49
2014/7/9,233643,31,0,7,1,1546.49
2014/7/10,240990,30,0,7,1,1546.49
2014/7/11,234445,30,0,7,1,1546.49
2014/7/12,223074,30,1,7,1,1546.49
2014/7/13,189441,30,1,7,1,1546.49
2014/7/14,218186,30,0,7,1,1546.49
2014/7/15,236874,30,0,7,1,1546.49
2014/7/16,235936,29,0,7,1,1546.49
2014/7/17,237102,28,0,7,1,1546.49
2014/7/18,230780,27,0,7,1,1546.49
2014/7/19,213992,29,1,7,1,1546.49
2014/7/20,187944,30,1,7,1,1546.49
2014/7/21,211866,31,0,7,1,1546.49
2014/7/22,232766,31,0,7,1,1546.49
2014/7/23,243662,31,0,7,1,1546.49
2014/7/24,247507,30,0,7,1,1546.49
2014/7/25,229447,29,0,7,1,1546.49
2014/7/26,220092,29,1,7,1,1546.49
2014/7/27,187165,31,1,7,1,1546.49
2014/7/28,211355,31,0,7,1,1546.49
2014/7/29,231954,31,0,7,1,1546.49
2014/7/30,235581,31,0,7,1,1546.49
2014/7/31,237313,31,0,7,1,1546.49
2014/8/1,236325,30,0,8,1,1546.49
2014/8/2,220105,29,1,8,1,1546.49
2014/8/3,188050,30,1,8,1,1546.49
2014/8/4,217612,30,0,8,1,1546.49
2014/8/5,234880,30,0,8,1,1546.49
2014/8/6,234305,28,0,8,1,1546.49
2014/8/7,231614,29,0,8,1,1546.49
2014/8/8,232731,30,0,8,1,1546.49
2014/8/9,227321,30,1,8,1,1546.49
2014/8/10,195303,30,1,8,1,1546.49
2014/8/11,220805,30,0,8,1,1546.49
2014/8/12,235064,27,0,8,1,1546.49
2014/8/13,219393,28,0,8,1,1546.49
2014/8/14,216428,29,0,8,1,1546.49
2014/8/15,221119,29,0,8,1,1546.49
2014/8/16,217153,29,1,8,1,1546.49
2014/8/17,187048,30,1,8,1,1546.49
2014/8/18,217632,28,0,8,1,1546.49
2014/8/19,233042,28,0,8,1,1546.49
2014/8/20,209132,29,0,8,1,1546.49
2014/8/21,208918,29,0,8,1,1546.49
2014/8/22,215382,29,0,8,1,1546.49
2014/8/23,211702,30,1,8,1,1546.49
2014/8/24,184759,30,1,8,1,1546.49
2014/8/25,212114,30,0,8,1,1546.49
2014/8/26,230526,29,0,8,1,1546.49
2014/8/27,232497,28,0,8,1,1546.49
2014/8/28,233141,30,0,8,1,1546.49
2014/8/29,233059,29,0,8,1,1546.49
2014/8/30,224523,29,1,8,1,1546.49
2014/8/31,187268,29,1,8,1,1546.49
2014/9/1,201704,29,0,9,2,1546.49
2014/9/2,223386,30,0,9,2,1546.49
2014/9/3,232080,29,0,9,2,1546.49
2014/9/4,235566,29,0,9,2,1546.49
2014/9/5,229918,29,0,9,2,1546.49
2014/9/6,211650,29,1,9,2,1546.49
2014/9/7,177450,29,1,9,2,1546.49
2014/9/8,125158,29,2,9,2,1546.49
2014/9/9,176620,30,0,9,2,1546.49
2014/9/10,221593,30,0,9,2,1546.49
2014/9/11,228422,29,0,9,2,1546.49
2014/9/12,225626,29,0,9,2,1546.49
2014/9/13,216425,30,1,9,2,1546.49
2014/9/14,193053,28,1,9,2,1546.49
2014/9/15,215121,27,0,9,2,1546.49
2014/9/16,213448,28,0,9,2,1546.49
2014/9/17,213676,29,0,9,2,1546.49
2014/9/18,220222,29,0,9,2,1546.49
2014/9/19,229581,28,0,9,2,1546.49
2014/9/20,221265,28,1,9,2,1546.49
2014/9/21,175297,27,1,9,2,1546.49
2014/9/22,194202,27,0,9,2,1546.49
2014/9/23,209217,29,0,9,2,1546.49
2014/9/24,214245,29,0,9,2,1546.49
2014/9/25,219755,30,0,9,2,1546.49
2014/9/26,222794,30,0,9,2,1546.49
2014/9/27,221730,30,1,9,2,1546.49
2014/9/28,209117,30,0,9,2,1546.49
2014/9/29,216741,28,0,9,2,1546.49
2014/9/30,213910,28,0,9,2,1546.49
2014/10/1,126804,29,2,10,2,1727.77
2014/10/2,108922,29,2,10,2,1727.77
2014/10/3,125421,27,2,10,2,1727.77
2014/10/4,154901,27,1,10,2,1727.77
2014/10/5,170467,25,1,10,2,1727.77
2014/10/6,184890,26,1,10,2,1727.77
2014/10/7,192831,26,1,10,2,1727.77
2014/10/8,193303,25,0,10,2,1727.77
2014/10/9,195127,26,0,10,2,1727.77
2014/10/10,196071,26,0,10,2,1727.77
2014/10/11,195441,25,0,10,2,1727.77
2014/10/12,171476,25,1,10,2,1727.77
2014/10/13,182193,25,0,10,2,1727.77
2014/10/14,190419,25,0,10,2,1727.77
2014/10/15,188843,25,0,10,2,1727.77
2014/10/16,189946,25,0,10,2,1727.77
2014/10/17,189368,25,0,10,2,1727.77
2014/10/18,185428,25,1,10,2,1727.77
2014/10/19,158984,26,1,10,2,1727.77
2014/10/20,181664,26,0,10,2,1727.77
2014/10/21,203315,25,0,10,2,1727.77
2014/10/22,203051,25,0,10,2,1727.77
2014/10/23,194316,25,0,10,2,1727.77
2014/10/24,192305,25,0,10,2,1727.77
2014/10/25,186307,25,1,10,2,1727.77
2014/10/26,160609,26,1,10,2,1727.77
2014/10/27,182177,26,0,10,2,1727.77
2014/10/28,194206,26,0,10,2,1727.77
2014/10/29,196378,27,0,10,2,1727.77
2014/10/30,197146,27,0,10,2,1727.77
2014/10/31,193437,27,0,10,2,1727.77
2014/11/1,132241,22,1,11,2,1727.77
2014/11/2,154054,22,1,11,2,1727.77
2014/11/3,177146,22,0,11,2,1727.77
2014/11/4,181969,22,0,11,2,1727.77
2014/11/5,189249,22,0,11,2,1727.77
2014/11/6,194510,19,0,11,2,1727.77
2014/11/7,189837,19,0,11,2,1727.77
2014/11/8,162397,19,1,11,2,1727.77
2014/11/9,185726,21,1,11,2,1727.77
2014/11/10,188430,18,0,11,2,1727.77
2014/11/11,187691,18,0,11,2,1727.77
2014/11/12,188795,19,0,11,2,1727.77
2014/11/13,186097,19,0,11,2,1727.77
2014/11/14,174523,22,0,11,2,1727.77
2014/11/15,144836,22,1,11,2,1727.77
2014/11/16,168368,18,1,11,2,1727.77
2014/11/17,191983,18,0,11,2,1727.77
2014/11/18,196866,20,0,11,2,1727.77
2014/11/19,197323,20,0,11,2,1727.77
2014/11/20,196599,22,0,11,2,1727.77
2014/11/21,184256,22,0,11,2,1727.77
2014/11/22,153552,25,1,11,2,1727.77
2014/11/23,173832,25,1,11,2,1727.77
2014/11/24,185991,22,0,11,2,1727.77
2014/11/25,182655,22,0,11,2,1727.77
2014/11/26,175154,23,0,11,2,1727.77
2014/11/27,173830,23,0,11,2,1727.77
2014/11/28,166875,25,0,11,2,1727.77
2014/11/29,137175,25,1,11,2,1727.77
2014/11/30,153019,15,1,11,2,1727.77
2014/12/1,151751,13,0,12,3,1727.77
2014/12/2,170352,13,0,12,3,1727.77
2014/12/3,172991,12,0,12,3,1727.77
2014/12/4,175169,14,0,12,3,1727.77
2014/12/5,175282,15,0,12,3,1727.77
2014/12/6,169624,15,1,12,3,1727.77
2014/12/7,144300,15,1,12,3,1727.77
2014/12/8,159734,19,0,12,3,1727.77
2014/12/9,173932,18,0,12,3,1727.77
2014/12/10,175209,15,0,12,3,1727.77
2014/12/11,174801,14,0,12,3,1727.77
2014/12/12,175009,13,0,12,3,1727.77
2014/12/13,170004,15,1,12,3,1727.77
2014/12/14,140967,17,1,12,3,1727.77
2014/12/15,157950,14,0,12,3,1727.77
2014/12/16,171845,11,0,12,3,1727.77
2014/12/17,173247,12,0,12,3,1727.77
2014/12/18,175247,11,0,12,3,1727.77
2014/12/19,176365,13,0,12,3,1727.77
2014/12/20,167832,13,1,12,3,1727.77
2014/12/21,142731,12,1,12,3,1727.77
2014/12/22,158918,14,0,12,3,1727.77
2014/12/23,174649,14,0,12,3,1727.77
2014/12/24,174170,15,0,12,3,1727.77
2014/12/25,174458,15,0,12,3,1727.77
2014/12/26,173124,15,0,12,3,1727.77
2014/12/27,170908,13,1,12,3,1727.77
2014/12/28,151599,13,1,12,3,1727.77
2014/12/29,160089,14,0,12,3,1727.77
2014/12/30,163362,15,0,12,3,1727.77
2014/12/31,148727,15,0,12,3,1727.77
2015/1/1,88883.2,14,2,1,3,1337.9
2015/1/2,108802,16,1,1,3,1337.9
2015/1/3,142423,17,1,1,3,1337.9
2015/1/4,147821,19,0,1,3,1337.9
2015/1/5,160590,21,0,1,3,1337.9
2015/1/6,170141,18,0,1,3,1337.9
2015/1/7,173199,15,0,1,3,1337.9
2015/1/8,172001,14,0,1,3,1337.9
2015/1/9,173368,15,0,1,3,1337.9
2015/1/10,169271,16,1,1,3,1337.9
2015/1/11,147682,12,1,1,3,1337.9
2015/1/12,162553,12,0,1,3,1337.9
2015/1/13,174540,13,0,1,3,1337.9
2015/1/14,175101,12,0,1,3,1337.9
2015/1/15,174793,14,0,1,3,1337.9
2015/1/16,172496,15,0,1,3,1337.9
2015/1/17,167621,16,1,1,3,1337.9
2015/1/18,143433,15,1,1,3,1337.9
2015/1/19,155007,16,0,1,3,1337.9
2015/1/20,170505,17,0,1,3,1337.9
2015/1/21,171092,16,0,1,3,1337.9
2015/1/22,170156,17,0,1,3,1337.9
2015/1/23,169705,16,0,1,3,1337.9
2015/1/24,166136,19,1,1,3,1337.9
2015/1/25,145253,20,1,1,3,1337.9
2015/1/26,156890,20,0,1,3,1337.9
2015/1/27,167689,19,0,1,3,1337.9
2015/1/28,167820,17,0,1,3,1337.9
2015/1/29,165932,16,0,1,3,1337.9
2015/1/30,164139,14,0,1,3,1337.9
2015/1/31,155927,14,1,1,3,1337.9
2015/2/1,132259,15,1,2,3,1337.9
2015/2/2,146230,17,0,2,3,1337.9
2015/2/3,156193,17,0,2,3,1337.9
2015/2/4,154352,12,0,2,3,1337.9
2015/2/5,152606,13,0,2,3,1337.9
2015/2/6,149739,14,0,2,3,1337.9
2015/2/7,141730,15,1,2,3,1337.9
2015/2/8,125322,14,1,2,3,1337.9
2015/2/9,125377,14,0,2,3,1337.9
2015/2/10,120487,16,0,2,3,1337.9
2015/2/11,110851,16,0,2,3,1337.9
2015/2/12,99612.16,16,0,2,3,1337.9
2015/2/13,86693.12,19,0,2,3,1337.9
2015/2/14,73471,19,1,2,3,1337.9
2015/2/15,63959.68,20,0,2,3,1337.9
2015/2/16,57992.64,19,0,2,3,1337.9
2015/2/17,51205,20,0,2,3,1337.9
2015/2/18,42325.6,20,2,2,3,1337.9
2015/2/19,37071.84,19,2,2,3,1337.9
2015/2/20,36886.88,20,2,2,3,1337.9
2015/2/21,38860.4,20,1,2,3,1337.9
2015/2/22,42590.72,21,1,2,3,1337.9
2015/2/23,48218.4,21,1,2,3,1337.9
2015/2/24,55896,22,1,2,3,1337.9
2015/2/25,63616,22,0,2,3,1337.9
2015/2/26,77155.2,22,0,2,3,1337.9
2015/2/27,91782,22,0,2,3,1337.9
2015/2/28,98041.6,17,0,2,3,1337.9
2015/3/1,95732.8,17,1,3,0,1337.9
2015/3/2,114473,18,0,3,0,1337.9
2015/3/3,128432,16,0,3,0,1337.9
2015/3/4,134873,16,0,3,0,1337.9
2015/3/5,135041,17,0,3,0,1337.9
2015/3/6,140860,15,0,3,0,1337.9
2015/3/7,142976,18,1,3,0,1337.9
2015/3/8,126259,19,1,3,0,1337.9
2015/3/9,142705,18,0,3,0,1337.9
2015/3/10,155112,15,0,3,0,1337.9
2015/3/11,159332,14,0,3,0,1337.9
2015/3/12,161817,17,0,3,0,1337.9
2015/3/13,163234,20,0,3,0,1337.9
2015/3/14,160532,21,1,3,0,1337.9
2015/3/15,136969,23,1,3,0,1337.9
2015/3/16,151097,24,0,3,0,1337.9
2015/3/17,167713,24,0,3,0,1337.9
2015/3/18,170393,24,0,3,0,1337.9
2015/3/19,176321,25,0,3,0,1337.9
2015/3/20,178562,24,0,3,0,1337.9
2015/3/21,174892,22,1,3,0,1337.9
2015/3/22,147240,21,1,3,0,1337.9
2015/3/23,160483,18,0,3,0,1337.9
2015/3/24,172643,19,0,3,0,1337.9
2015/3/25,173511,21,0,3,0,1337.9
2015/3/26,173008,20,0,3,0,1337.9
2015/3/27,173717,22,0,3,0,1337.9
2015/3/28,169016,24,1,3,0,1337.9
2015/3/29,145637,24,1,3,0,1337.9
2015/3/30,161482,24,0,3,0,1337.9
2015/3/31,174346,26,0,3,0,1337.9
2015/4/1,176976,26,0,4,0,1597.33
2015/4/2,184510,26,0,4,0,1597.33
2015/4/3,186479,26,0,4,0,1597.33
2015/4/4,165162,27,1,4,0,1597.33
2015/4/5,108240,27,2,4,0,1597.33
2015/4/6,134806,26,1,4,0,1597.33
2015/4/7,184811,20,0,4,0,1597.33
2015/4/8,177322,16,0,4,0,1597.33
2015/4/9,175024,15,0,4,0,1597.33
2015/4/10,176235,15,0,4,0,1597.33
2015/4/11,172241,17,1,4,0,1597.33
2015/4/12,147891,19,1,4,0,1597.33
2015/4/13,162755,19,0,4,0,1597.33
2015/4/14,176791,21,0,4,0,1597.33
2015/4/15,178095,22,0,4,0,1597.33
2015/4/16,180236,24,0,4,0,1597.33
2015/4/17,184271,25,0,4,0,1597.33
2015/4/18,181562,27,1,4,0,1597.33
2015/4/19,155059,24,1,4,0,1597.33
2015/4/20,180453,21,0,4,0,1597.33
2015/4/21,184466,23,0,4,0,1597.33
2015/4/22,186174,23,0,4,0,1597.33
2015/4/23,184236,24,0,4,0,1597.33
2015/4/24,187069,25,0,4,0,1597.33
2015/4/25,185309,25,1,4,0,1597.33
2015/4/26,158359,25,1,4,0,1597.33
2015/4/27,176035,25,0,4,0,1597.33
2015/4/28,193710,26,0,4,0,1597.33
2015/4/29,198763,27,0,4,0,1597.33
2015/4/30,192932,27,0,4,0,1597.33
2015/5/1,113844,28,2,5,0,1597.33
2015/5/2,109110,28,1,5,0,1597.33
2015/5/3,148760,28,1,5,0,1597.33
2015/5/4,194487,27,0,5,0,1597.33
2015/5/5,208312,26,0,5,0,1597.33
2015/5/6,204886,27,0,5,0,1597.33
2015/5/7,200289,25,0,5,0,1597.33
2015/5/8,208195,25,0,5,0,1597.33
2015/5/9,203100,26,1,5,0,1597.33
2015/5/10,164818,25,1,5,0,1597.33
2015/5/11,187535,25,0,5,0,1597.33
2015/5/12,191402,26,0,5,0,1597.33
2015/5/13,199256,27,0,5,0,1597.33
2015/5/14,206644,28,0,5,0,1597.33
2015/5/15,214215,29,0,5,0,1597.33
2015/5/16,199633,25,1,5,0,1597.33
2015/5/17,162476,25,1,5,0,1597.33
2015/5/18,186077,26,0,5,0,1597.33
2015/5/19,210208,28,0,5,0,1597.33
2015/5/20,209360,26,0,5,0,1597.33
2015/5/21,195761,25,0,5,0,1597.33
2015/5/22,187744,28,0,5,0,1597.33
2015/5/23,183783,24,1,5,0,1597.33
2015/5/24,157705,25,1,5,0,1597.33
2015/5/25,187682,27,0,5,0,1597.33
2015/5/26,202502,28,0,5,0,1597.33
2015/5/27,210655,28,0,5,0,1597.33
2015/5/28,218425,30,0,5,0,1597.33
2015/5/29,224140,30,0,5,0,1597.33
2015/5/30,218220,30,1,5,0,1597.33
2015/5/31,166273,29,1,5,0,1597.33
2015/6/1,180759,28,0,6,1,1597.33
2015/6/2,211610,29,0,6,1,1597.33
2015/6/3,222607,30,0,6,1,1597.33
2015/6/4,228304,29,0,6,1,1597.33
2015/6/5,225465,28,0,6,1,1597.33
2015/6/6,208748,28,1,6,1,1597.33
2015/6/7,184092,29,1,6,1,1597.33
2015/6/8,212082,29,0,6,1,1597.33
2015/6/9,230719,28,0,6,1,1597.33
2015/6/10,233598,29,0,6,1,1597.33
2015/6/11,234593,29,0,6,1,1597.33
2015/6/12,228521,29,0,6,1,1597.33
2015/6/13,219052,29,1,6,1,1597.33
2015/6/14,193061,29,1,6,1,1597.33
2015/6/15,213300,29,0,6,1,1597.33
2015/6/16,229967,29,0,6,1,1597.33
2015/6/17,235077,29,0,6,1,1597.33
2015/6/18,238644,30,0,6,1,1597.33
2015/6/19,233585,31,0,6,1,1597.33
2015/6/20,157638,31,2,6,1,1597.33
2015/6/21,157864,30,1,6,1,1597.33
2015/6/22,200756,29,1,6,1,1597.33
2015/6/23,218835,27,0,6,1,1597.33
2015/6/24,216471,27,0,6,1,1597.33
2015/6/25,221069,29,0,6,1,1597.33
2015/6/26,226838,30,0,6,1,1597.33
2015/6/27,225610,30,1,6,1,1597.33
2015/6/28,203607,30,1,6,1,1597.33
2015/6/29,220846,30,0,6,1,1597.33
2015/6/30,231869,30,0,6,1,1597.33
2015/7/1,233711,30,0,7,1,1628.56
2015/7/2,242580,31,0,7,1,1628.56
2015/7/3,245258,30,0,7,1,1628.56
2015/7/4,237227,30,1,7,1,1628.56
2015/7/5,202010,29,1,7,1,1628.56
2015/7/6,211516,29,0,7,1,1628.56
2015/7/7,222018,29,0,7,1,1628.56
2015/7/8,217537,27,0,7,1,1628.56
2015/7/9,212569,27,0,7,1,1628.56
2015/7/10,210538,28,0,7,1,1628.56
2015/7/11,217369,30,1,7,1,1628.56
2015/7/12,199010,30,1,7,1,1628.56
2015/7/13,232717,31,0,7,1,1628.56
2015/7/14,248785,31,0,7,1,1628.56
2015/7/15,248056,30,0,7,1,1628.56
2015/7/16,243225,29,0,7,1,1628.56
2015/7/17,236353,29,0,7,1,1628.56
2015/7/18,228412,29,1,7,1,1628.56
2015/7/19,192950,29,1,7,1,1628.56
2015/7/20,217036,29,0,7,1,1628.56
2015/7/21,215348,26,0,7,1,1628.56
2015/7/22,216964,29,0,7,1,1628.56
2015/7/23,218743,28,0,7,1,1628.56
2015/7/24,210524,27,0,7,1,1628.56
2015/7/25,203343,28,1,7,1,1628.56
2015/7/26,174712,28,1,7,1,1628.56
2015/7/27,202626,28,0,7,1,1628.56
2015/7/28,222745,28,0,7,1,1628.56
2015/7/29,221798,28,0,7,1,1628.56
2015/7/30,217072,28,0,7,1,1628.56
2015/7/31,212532,28,0,7,1,1628.56
2015/8/1,200472,29,1,8,1,1628.56
2015/8/2,167634,29,1,8,1,1628.56
2015/8/3,205968,29,0,8,1,1628.56
2015/8/4,228859,29,0,8,1,1628.56
2015/8/5,234111,30,0,8,1,1628.56
2015/8/6,239449,31,0,8,1,1628.56
2015/8/7,242343,31,0,8,1,1628.56
2015/8/8,238089,32,1,8,1,1628.56
2015/8/9,206638,31,1,8,1,1628.56
2015/8/10,223387,29,0,8,1,1628.56
2015/8/11,225646,28,0,8,1,1628.56
2015/8/12,228329,29,0,8,1,1628.56
2015/8/13,233771,29,0,8,1,1628.56
2015/8/14,224325,27,0,8,1,1628.56
2015/8/15,200260,27,1,8,1,1628.56
2015/8/16,165884,29,1,8,1,1628.56
2015/8/17,202387,30,0,8,1,1628.56
2015/8/18,227108,30,0,8,1,1628.56
2015/8/19,236254,30,0,8,1,1628.56
2015/8/20,236514,30,0,8,1,1628.56
2015/8/21,232104,29,0,8,1,1628.56
2015/8/22,225801,30,1,8,1,1628.56
2015/8/23,196765,30,1,8,1,1628.56
2015/8/24,223515,30,0,8,1,1628.56
2015/8/25,238691,30,0,8,1,1628.56
2015/8/26,240284,30,0,8,1,1628.56
2015/8/27,237649,29,0,8,1,1628.56
2015/8/28,230899,28,0,8,1,1628.56
2015/8/29,213514,28,1,8,1,1628.56
2015/8/30,177555,26,1,8,1,1628.56
2015/8/31,191162,27,0,8,1,1628.56
2015/9/1,203081,27,0,9,2,1628.56
2015/9/2,199011,27,0,9,2,1628.56
2015/9/3,137821,28,2,9,2,1628.56
2015/9/4,164701,29,1,9,2,1628.56
2015/9/5,201780,30,1,9,2,1628.56
2015/9/6,204265,29,0,9,2,1628.56
2015/9/7,217674,27,0,9,2,1628.56
2015/9/8,217365,28,0,9,2,1628.56
2015/9/9,218577,28,0,9,2,1628.56
2015/9/10,220720,28,0,9,2,1628.56
2015/9/11,221994,28,0,9,2,1628.56
2015/9/12,215926,28,1,9,2,1628.56
2015/9/13,179914,27,1,9,2,1628.56
2015/9/14,197876,27,0,9,2,1628.56
2015/9/15,216834,27,0,9,2,1628.56
2015/9/16,218467,28,0,9,2,1628.56
2015/9/17,220420,28,0,9,2,1628.56
2015/9/18,223362,28,0,9,2,1628.56
2015/9/19,220656,28,1,9,2,1628.56
2015/9/20,193610,27,1,9,2,1628.56
2015/9/21,197371,26,0,9,2,1628.56
2015/9/22,211256,27,0,9,2,1628.56
2015/9/23,219294,29,0,9,2,1628.56
2015/9/24,226751,29,0,9,2,1628.56
2015/9/25,229749,29,0,9,2,1628.56
2015/9/26,216115,27,1,9,2,1628.56
2015/9/27,141751,28,2,9,2,1628.56
2015/9/28,167601,28,0,9,2,1628.56
2015/9/29,199632,28,0,9,2,1628.56
2015/9/30,198532,28,0,9,2,1628.56
2015/10/1,124218,28,2,10,2,1171.27
2015/10/2,99200.64,27,2,10,2,1171.27
2015/10/3,108189,26,2,10,2,1171.27
2015/10/4,129101,25,1,10,2,1171.27
2015/10/5,161044,26,1,10,2,1171.27
2015/10/6,185425,26,1,10,2,1171.27
2015/10/7,193889,26,1,10,2,1171.27
2015/10/8,200381,26,0,10,2,1171.27
2015/10/9,198751,25,0,10,2,1171.27
2015/10/10,184621,22,0,10,2,1171.27
2015/10/11,150722,19,1,10,2,1171.27
2015/10/12,166266,21,0,10,2,1171.27
2015/10/13,182541,24,0,10,2,1171.27
2015/10/14,188235,24,0,10,2,1171.27
2015/10/15,191751,25,0,10,2,1171.27
2015/10/16,193076,25,0,10,2,1171.27
2015/10/17,186598,25,1,10,2,1171.27
2015/10/18,155149,25,1,10,2,1171.27
2015/10/19,174211,25,0,10,2,1171.27
2015/10/20,189995,24,0,10,2,1171.27
2015/10/21,193474,25,0,10,2,1171.27
2015/10/22,198990,26,0,10,2,1171.27
2015/10/23,201524,26,0,10,2,1171.27
2015/10/24,194898,27,1,10,2,1171.27
2015/10/25,168922,27,1,10,2,1171.27
2015/10/26,187192,26,0,10,2,1171.27
2015/10/27,202964,26,0,10,2,1171.27
2015/10/28,204969,27,0,10,2,1171.27
2015/10/29,201965,26,0,10,2,1171.27
2015/10/30,201445,25,0,10,2,1171.27
2015/10/31,182595,23,1,10,2,1171.27
2015/11/1,132241,20,1,11,2,1171.27
2015/11/2,154054,20,0,11,2,1171.27
2015/11/3,177146,23,0,11,2,1171.27
2015/11/4,181969,24,0,11,2,1171.27
2015/11/5,189249,26,0,11,2,1171.27
2015/11/6,194510,26,0,11,2,1171.27
2015/11/7,189837,26,1,11,2,1171.27
2015/11/8,162397,26,1,11,2,1171.27
2015/11/9,185726,26,0,11,2,1171.27
2015/11/10,188430,23,0,11,2,1171.27
2015/11/11,187691,23,0,11,2,1171.27
2015/11/12,188795,24,0,11,2,1171.27
2015/11/13,186097,19,0,11,2,1171.27
2015/11/14,174523,21,1,11,2,1171.27
2015/11/15,144836,23,1,11,2,1171.27
2015/11/16,168368,26,0,11,2,1171.27
2015/11/17,191983,26,0,11,2,1171.27
2015/11/18,196866,26,0,11,2,1171.27
2015/11/19,197323,26,0,11,2,1171.27
2015/11/20,196599,26,0,11,2,1171.27
2015/11/21,184256,24,1,11,2,1171.27
2015/11/22,153552,25,1,11,2,1171.27
2015/11/23,173832,24,0,11,2,1171.27
2015/11/24,185991,22,0,11,2,1171.27
2015/11/25,182655,18,0,11,2,1171.27
2015/11/26,175154,15,0,11,2,1171.27
2015/11/27,173830,16,0,11,2,1171.27
2015/11/28,166875,18,1,11,2,1171.27
2015/11/29,137175,20,1,11,2,1171.27
2015/11/30,153019,21,0,11,2,1171.27
2015/12/1,169020,22,0,12,3,1171.27
2015/12/2,176389,21,0,12,3,1171.27
2015/12/3,177254,15,0,12,3,1171.27
2015/12/4,175982,16,0,12,3,1171.27
2015/12/5,169874,15,1,12,3,1171.27
2015/12/6,141294,13,1,12,3,1171.27
2015/12/7,160238,14,0,12,3,1171.27
2015/12/8,175250,16,0,12,3,1171.27
2015/12/9,176123,14,0,12,3,1171.27
2015/12/10,175164,17,0,12,3,1171.27
2015/12/11,175537,18,0,12,3,1171.27
2015/12/12,169045,17,1,12,3,1171.27
2015/12/13,141770,19,1,12,3,1171.27
2015/12/14,159429,15,0,12,3,1171.27
2015/12/15,173658,15,0,12,3,1171.27
2015/12/16,173115,12,0,12,3,1171.27
2015/12/17,174991,11,0,12,3,1171.27
2015/12/18,175733,12,0,12,3,1171.27
2015/12/19,170341,14,1,12,3,1171.27
2015/12/20,145611,17,1,12,3,1171.27
2015/12/21,161696,16,0,12,3,1171.27
2015/12/22,176095,19,0,12,3,1171.27
2015/12/23,177228,21,0,12,3,1171.27
2015/12/24,178396,20,0,12,3,1171.27
2015/12/25,175656,15,0,12,3,1171.27
2015/12/26,170355,14,1,12,3,1171.27
2015/12/27,150121,13,1,12,3,1171.27
2015/12/28,161353,15,0,12,3,1171.27
2015/12/29,171328,14,0,12,3,1171.27
2015/12/30,166208,14,0,12,3,1171.27
2015/12/31,153368,16,1,12,3,1171.27
2016/1/1,91368.64,17,2,1,3,1497.96
2016/1/2,103057,18,1,1,3,1497.96
2016/1/3,135609,21,1,1,3,1497.96
2016/1/4,161166,20,0,1,3,1497.96
2016/1/5,174125,18,0,1,3,1497.96
2016/1/6,174916,18,0,1,3,1497.96
2016/1/7,174173,17,0,1,3,1497.96
2016/1/8,175127,17,0,1,3,1497.96
2016/1/9,171399,17,1,1,3,1497.96
2016/1/10,151959,17,1,1,3,1497.96
2016/1/11,162630,16,0,1,3,1497.96
2016/1/12,173941,14,0,1,3,1497.96
2016/1/13,173381,14,0,1,3,1497.96
2016/1/14,175224,14,0,1,3,1497.96
2016/1/15,174576,12,0,1,3,1497.96
2016/1/16,169163,14,1,1,3,1497.96
2016/1/17,148384,14,1,1,3,1497.96
2016/1/18,158953,14,0,1,3,1497.96
2016/1/19,170237,14,0,1,3,1497.96
2016/1/20,169410,13,0,1,3,1497.96
2016/1/21,169888,12,0,1,3,1497.96
2016/1/22,169935,8,0,1,3,1497.96
2016/1/23,166341,4,1,1,3,1497.96
2016/1/24,152675,2,1,1,3,1497.96
2016/1/25,159233,5,0,1,3,1497.96
2016/1/26,164553,8,0,1,3,1497.96
2016/1/27,159642,8,0,1,3,1497.96
2016/1/28,151590,13,0,1,3,1497.96
2016/1/29,138775,16,0,1,3,1497.96
2016/1/30,121668,15,1,1,3,1497.96
2016/1/31,102111,13,1,1,3,1497.96
2016/2/1,96725.44,7,0,2,3,1497.96
2016/2/2,92012.16,8,0,2,3,1497.96
2016/2/3,82278.72,10,0,2,3,1497.96
2016/2/4,70156.9,13,0,2,3,1497.96
2016/2/5,59560,12,0,2,3,1497.96
2016/2/6,51509.76,12,0,2,3,1497.96
2016/2/7,44995.36,13,1,2,3,1497.96
2016/2/8,39968.88,14,2,2,3,1497.96
2016/2/9,38988.56,16,2,2,3,1497.96
2016/2/10,39875,18,2,2,3,1497.96
2016/2/11,43223.68,20,1,2,3,1497.96
2016/2/12,47560.48,21,1,2,3,1497.96
2016/2/13,52928.16,22,1,2,3,1497.96
2016/2/14,57617.76,15,0,2,3,1497.96
2016/2/15,76719.4,11,0,2,3,1497.96
2016/2/16,96594.88,11,0,2,3,1497.96
2016/2/17,107947,13,0,2,3,1497.96
2016/2/18,118779,13,0,2,3,1497.96
2016/2/19,127929,14,0,2,3,1497.96
2016/2/20,127878,14,1,2,3,1497.96
2016/2/21,117895,15,1,2,3,1497.96
2016/2/22,128632,14,0,2,3,1497.96
2016/2/23,142382,11,0,2,3,1497.96
2016/2/24,151315,11,0,2,3,1497.96
2016/2/25,155754,13,0,2,3,1497.96
2016/2/26,158890,12,0,2,3,1497.96
2016/2/27,155329,14,1,2,3,1497.96
2016/2/28,133931,15,1,2,3,1497.96
2016/2/29,145469,17,0,2,3,1497.96
2016/3/1,158458,18,0,3,0,1497.96
2016/3/2,162623,18,0,3,0,1497.96
2016/3/3,165903,19,0,3,0,1497.96
2016/3/4,168569,20,0,3,0,1497.96
2016/3/5,164561,21,1,3,0,1497.96
2016/3/6,139660,22,1,3,0,1497.96
2016/3/7,158130,22,0,3,0,1497.96
2016/3/8,171563,22,0,3,0,1497.96
2016/3/9,174443,15,0,3,0,1497.96
2016/3/10,174140,9,0,3,0,1497.96
2016/3/11,176054,9,0,3,0,1497.96
2016/3/12,172021,11,1,3,0,1497.96
2016/3/13,144858,13,1,3,0,1497.96
2016/3/14,160615,14,0,3,0,1497.96
2016/3/15,176598,14,0,3,0,1497.96
2016/3/16,177059,14,0,3,0,1497.96
2016/3/17,178080,16,0,3,0,1497.96
2016/3/18,179758,20,0,3,0,1497.96
2016/3/19,178149,22,1,3,0,1497.96
2016/3/20,147738,21,1,3,0,1497.96
2016/3/21,163692,18,0,3,0,1497.96
2016/3/22,180249,18,0,3,0,1497.96
2016/3/23,181546,16,0,3,0,1497.96
2016/3/24,181398,13,0,3,0,1497.96
2016/3/25,179069,13,0,3,0,1497.96
2016/3/26,172407,15,1,3,0,1497.96
2016/3/27,144845,17,1,3,0,1497.96
2016/3/28,161708,18,0,3,0,1497.96
2016/3/29,176770,19,0,3,0,1497.96
2016/3/30,177969,21,0,3,0,1497.96
2016/3/31,175295,22,0,3,0,1497.96
2016/4/1,175025,24,0,4,0,1655.96
2016/4/2,165281,23,1,4,0,1655.96
2016/4/3,131798,24,1,4,0,1655.96
2016/4/4,94263.68,24,2,4,0,1655.96
2016/4/5,141727,24,0,4,0,1655.96
2016/4/6,182301,24,0,4,0,1655.96
2016/4/7,188070,25,0,4,0,1655.96
2016/4/8,191816,25,0,4,0,1655.96
2016/4/9,187819,24,1,4,0,1655.96
2016/4/10,157208,22,1,4,0,1655.96
2016/4/11,170550,24,0,4,0,1655.96
2016/4/12,184174,23,0,4,0,1655.96
2016/4/13,181350,23,0,4,0,1655.96
2016/4/14,187234,23,0,4,0,1655.96
2016/4/15,188504,25,0,4,0,1655.96
2016/4/16,181500,24,1,4,0,1655.96
2016/4/17,154397,24,1,4,0,1655.96
2016/4/18,169373,20,0,4,0,1655.96
2016/4/19,185129,23,0,4,0,1655.96
2016/4/20,187146,23,0,4,0,1655.96
2016/4/21,189445,23,0,4,0,1655.96
2016/4/22,188987,22,0,4,0,1655.96
2016/4/23,184978,23,1,4,0,1655.96
2016/4/24,159175,23,1,4,0,1655.96
2016/4/25,179171,25,0,4,0,1655.96
2016/4/26,199685,25,0,4,0,1655.96
2016/4/27,200686,25,0,4,0,1655.96
2016/4/28,201441,26,0,4,0,1655.96
2016/4/29,197165,25,0,4,0,1655.96
2016/4/30,163588,23,1,4,0,1655.96
2016/5/1,95639.04,24,2,5,0,1655.96
2016/5/2,107353,26,1,5,0,1655.96
2016/5/3,170709,27,0,5,0,1655.96
2016/5/4,193150,26,0,5,0,1655.96
2016/5/5,206113,28,0,5,0,1655.96
2016/5/6,213851,29,0,5,0,1655.96
2016/5/7,203230,28,1,5,0,1655.96
2016/5/8,181654,28,1,5,0,1655.96
2016/5/9,204532,29,0,5,0,1655.96
2016/5/10,212138,24,0,5,0,1655.96
2016/5/11,202149,25,0,5,0,1655.96
2016/5/12,207006,26,0,5,0,1655.96
2016/5/13,211135,27,0,5,0,1655.96
2016/5/14,204168,27,1,5,0,1655.96
2016/5/15,169941,27,1,5,0,1655.96
2016/5/16,177766,24,0,5,0,1655.96
2016/5/17,196904,24,0,5,0,1655.96
2016/5/18,199598,26,0,5,0,1655.96
2016/5/19,204695,26,0,5,0,1655.96
2016/5/20,205800,25,0,5,0,1655.96
2016/5/21,195661,24,1,5,0,1655.96
2016/5/22,167415,26,1,5,0,1655.96
2016/5/23,193957,27,0,5,0,1655.96
2016/5/24,218389,28,0,5,0,1655.96
2016/5/25,222509,29,0,5,0,1655.96
2016/5/26,224130,29,0,5,0,1655.96
2016/5/27,225326,27,0,5,0,1655.96
2016/5/28,207465,27,1,5,0,1655.96
2016/5/29,174869,28,1,5,0,1655.96
2016/5/30,205294,29,0,5,0,1655.96
2016/5/31,226545,30,0,5,0,1655.96
2016/6/1,230152,30,0,6,1,1655.96
2016/6/2,240816,30,0,6,1,1655.96
2016/6/3,248310,30,0,6,1,1655.96
2016/6/4,227713,28,1,6,1,1655.96
2016/6/5,178598,26,1,6,1,1655.96
2016/6/6,194550,26,0,6,1,1655.96
2016/6/7,220558,28,0,6,1,1655.96
2016/6/8,216508,27,0,6,1,1655.96
2016/6/9,138497,28,2,6,1,1655.96
2016/6/10,160215,28,1,6,1,1655.96
2016/6/11,192228,27,1,6,1,1655.96
2016/6/12,193158,27,0,6,1,1655.96
2016/6/13,214370,28,0,6,1,1655.96
2016/6/14,229763,29,0,6,1,1655.96
2016/6/15,233728,29,0,6,1,1655.96
2016/6/16,230357,28,0,6,1,1655.96
2016/6/17,227521,29,0,6,1,1655.96
2016/6/18,229742,30,1,6,1,1655.96
2016/6/19,199877,30,1,6,1,1655.96
2016/6/20,228226,30,0,6,1,1655.96
2016/6/21,246925,31,0,6,1,1655.96
2016/6/22,248991,30,0,6,1,1655.96
2016/6/23,249680,30,0,6,1,1655.96
2016/6/24,251980,31,0,6,1,1655.96
2016/6/25,244592,31,1,6,1,1655.96
2016/6/26,211272,31,1,6,1,1655.96
2016/6/27,234256,29,0,6,1,1655.96
2016/6/28,242676,29,0,6,1,1655.96
2016/6/29,237365,29,0,6,1,1655.96
2016/6/30,231844,29,0,6,1,1655.96
2016/7/1,230761,29,0,7,1,1762.06
2016/7/2,227529,29,1,7,1,1762.06
2016/7/3,194511,29,1,7,1,1762.06
2016/7/4,220594,29,0,7,1,1762.06
2016/7/5,234498,29,0,7,1,1762.06
2016/7/6,235866,30,0,7,1,1762.06
2016/7/7,240646,31,0,7,1,1762.06
2016/7/8,252384,32,0,7,1,1762.06
2016/7/9,253725,27,1,7,1,1762.06
2016/7/10,205973,29,1,7,1,1762.06
2016/7/11,219440,28,0,7,1,1762.06
2016/7/12,226781,28,0,7,1,1762.06
2016/7/13,225367,29,0,7,1,1762.06
2016/7/14,233172,29,0,7,1,1762.06
2016/7/15,236341,30,0,7,1,1762.06
2016/7/16,235236,30,1,7,1,1762.06
2016/7/17,205715,31,1,7,1,1762.06
2016/7/18,234217,29,0,7,1,1762.06
2016/7/19,247712,29,0,7,1,1762.06
2016/7/20,245968,30,0,7,1,1762.06
2016/7/21,247558,31,0,7,1,1762.06
2016/7/22,251139,31,0,7,1,1762.06
2016/7/23,247094,31,1,7,1,1762.06
2016/7/24,216495,32,1,7,1,1762.06
2016/7/25,245598,31,0,7,1,1762.06
2016/7/26,261562,30,0,7,1,1762.06
2016/7/27,260347,31,0,7,1,1762.06
2016/7/28,260259,31,0,7,1,1762.06
2016/7/29,260545,31,0,7,1,1762.06
2016/7/30,251126,31,1,7,1,1762.06
2016/7/31,197282,30,1,7,1,1762.06
2016/8/1,228137,26,0,8,1,1762.06
2016/8/2,196264,27,0,8,1,1762.06
2016/8/3,214551,28,0,8,1,1762.06
2016/8/4,225725,29,0,8,1,1762.06
2016/8/5,228922,31,0,8,1,1762.06
2016/8/6,235262,31,1,8,1,1762.06
2016/8/7,215685,30,1,8,1,1762.06
2016/8/8,241422,28,0,8,1,1762.06
2016/8/9,250310,28,0,8,1,1762.06
2016/8/10,232265,28,0,8,1,1762.06
2016/8/11,232898,27,0,8,1,1762.06
2016/8/12,234695,28,0,8,1,1762.06
2016/8/13,225002,28,1,8,1,1762.06
2016/8/14,190069,28,1,8,1,1762.06
2016/8/15,208808,27,0,8,1,1762.06
2016/8/16,222835,27,0,8,1,1762.06
2016/8/17,219689,26,0,8,1,1762.06
2016/8/18,220191,29,0,8,1,1762.06
2016/8/19,226970,30,0,8,1,1762.06
2016/8/20,230623,29,1,8,1,1762.06
2016/8/21,202572,30,1,8,1,1762.06
2016/8/22,227952,30,0,8,1,1762.06
2016/8/23,249402,31,0,8,1,1762.06
2016/8/24,251970,31,0,8,1,1762.06
2016/8/25,250219,30,0,8,1,1762.06
2016/8/26,256711,27,0,8,1,1762.06
2016/8/27,235221,29,1,8,1,1762.06
2016/8/28,196994,28,1,8,1,1762.06
2016/8/29,206804,27,0,8,1,1762.06
2016/8/30,219094,29,0,8,1,1762.06
2016/8/31,224923,28,0,8,2,1762.06
2016/9/1,229866,27,0,9,2,1762.06
2016/9/2,230308,27,0,9,2,1762.06
2016/9/3,219664,28,1,9,2,1762.06
2016/9/4,188311,29,1,9,2,1762.06
2016/9/5,211104,29,0,9,2,1762.06
2016/9/6,229177,27,0,9,2,1762.06
2016/9/7,229822,28,0,9,2,1762.06
2016/9/8,228861,28,0,9,2,1762.06
2016/9/9,226551,27,0,9,2,1762.06
2016/9/10,219994,28,1,9,2,1762.06
2016/9/11,192725,28,1,9,2,1762.06
2016/9/12,214064,29,0,9,2,1762.06
2016/9/13,233111,29,0,9,2,1762.06
2016/9/14,229341,30,0,9,2,1762.06
2016/9/15,147326,29,2,9,2,1762.06
2016/9/16,166479,29,1,9,2,1762.06
2016/9/17,211085,29,1,9,2,1762.06
2016/9/18,213881,28,0,9,2,1762.06
2016/9/19,227453,27,0,9,2,1762.06
2016/9/20,228896,27,0,9,2,1762.06
2016/9/21,227669,28,0,9,2,1762.06
2016/9/22,232275,28,0,9,2,1762.06
2016/9/23,233012,28,0,9,2,1762.06
2016/9/24,229648,29,1,9,2,1762.06
2016/9/25,209847,30,1,9,2,1762.06
2016/9/26,231849,30,0,9,2,1762.06
2016/9/27,250712,28,0,9,2,1762.06
2016/9/28,248580,26,0,9,2,1762.06
2016/9/29,222175,22,0,9,2,1762.06
2016/9/30,187193,24,0,9,2,1762.06
2016/10/1,106940,27,2,10,2,1191.69
2016/10/2,93528.32,28,2,10,2,1191.69
2016/10/3,119498,28,2,10,2,1191.69
2016/10/4,162167,29,1,10,2,1191.69
2016/10/5,194641,28,1,10,2,1191.69
2016/10/6,212044,28,1,10,2,1191.69
2016/10/7,223138,28,1,10,2,1191.69
2016/10/8,222929,26,0,10,2,1191.69
2016/10/9,193100,25,0,10,2,1191.69
2016/10/10,197049,23,0,10,2,1191.69
2016/10/11,201730,22,0,10,2,1191.69
2016/10/12,199345,25,0,10,2,1191.69
2016/10/13,202447,26,0,10,2,1191.69
2016/10/14,211159,26,0,10,2,1191.69
2016/10/15,207782,27,1,10,2,1191.69
2016/10/16,181267,26,1,10,2,1191.69
2016/10/17,205275,24,0,10,2,1191.69
2016/10/18,215007,23,0,10,2,1191.69
2016/10/19,208027,26,0,10,2,1191.69
2016/10/20,212730,24,0,10,2,1191.69
2016/10/21,207620,27,0,10,2,1191.69
2016/10/22,203515,28,1,10,2,1191.69
2016/10/23,187340,27,1,10,2,1191.69
2016/10/24,206995,28,0,10,2,1191.69
2016/10/25,222754,28,0,10,2,1191.69
2016/10/26,223542,28,0,10,2,1191.69
2016/10/27,225469,28,0,10,2,1191.69
2016/10/28,228229,24,0,10,2,1191.69
2016/10/29,216949,22,1,10,2,1191.69
2016/10/30,163138,22,1,10,2,1191.69
2016/10/31,177474,22,0,10,2,1191.69
2016/11/1,188371,21,0,11,2,1191.69
2016/11/2,190585,21,0,11,2,1191.69
2016/11/3,191214,21,0,11,2,1191.69
2016/11/4,191719,22,0,11,2,1191.69
2016/11/5,188817,24,1,11,2,1191.69
2016/11/6,163245,24,1,11,2,1191.69
2016/11/7,185172,21,0,11,2,1191.69
2016/11/8,203018,18,0,11,2,1191.69
2016/11/9,192745,14,0,11,2,1191.69
2016/11/10,190763,14,0,11,2,1191.69
2016/11/11,189860,17,0,11,2,1191.69
2016/11/12,185886,24,1,11,2,1191.69
2016/11/13,160819,25,1,11,2,1191.69
2016/11/14,183723,25,0,11,2,1191.69
2016/11/15,204147,25,0,11,2,1191.69
2016/11/16,204863,25,0,11,2,1191.69
2016/11/17,204469,25,0,11,2,1191.69
2016/11/18,204326,25,0,11,2,1191.69
2016/11/19,200969,25,1,11,2,1191.69
2016/11/20,174219,25,1,11,2,1191.69
2016/11/21,192779,22,0,11,2,1191.69
2016/11/22,202944,16,0,11,2,1191.69
2016/11/23,195371,13,0,11,2,1191.69
2016/11/24,191088,13,0,11,2,1191.69
2016/11/25,190349,13,0,11,2,1191.69
2016/11/26,186474,14,1,11,2,1191.69
2016/11/27,157954,15,1,11,2,1191.69
2016/11/28,173611,17,0,11,2,1191.69
2016/11/29,188554,16,0,11,2,1191.69
2016/11/30,183546,17,0,11,3,1191.69
2016/12/1,180641,17,0,12,3,1191.69
2016/12/2,186351,19,0,12,3,1191.69
2016/12/3,183890,20,1,12,3,1191.69
2016/12/4,156432,21,1,12,3,1191.69
2016/12/5,175995,16,0,12,3,1191.69
2016/12/6,189696,18,0,12,3,1191.69
2016/12/7,187519,18,0,12,3,1191.69
2016/12/8,188830,18,0,12,3,1191.69
2016/12/9,188620,19,0,12,3,1191.69
2016/12/10,184176,20,1,12,3,1191.69
2016/12/11,159546,20,1,12,3,1191.69
2016/12/12,174477,21,0,12,3,1191.69
2016/12/13,190971,18,0,12,3,1191.69
2016/12/14,190647,15,0,12,3,1191.69
2016/12/15,188528,13,0,12,3,1191.69
2016/12/16,187256,14,0,12,3,1191.69
2016/12/17,184103,18,1,12,3,1191.69
2016/12/18,161364,20,1,12,3,1191.69
2016/12/19,176357,21,0,12,3,1191.69
2016/12/20,187704,21,0,12,3,1191.69
2016/12/21,190208,18,0,12,3,1191.69
2016/12/22,190966,17,0,12,3,1191.69
2016/12/23,189850,17,0,12,3,1191.69
2016/12/24,186655,20,1,12,3,1191.69
2016/12/25,166169,18,1,12,3,1191.69
2016/12/26,177703,12,0,12,3,1191.69
2016/12/27,187905,12,0,12,3,1191.69
2016/12/28,188327,13,0,12,3,1191.69
2016/12/29,186050,14,0,12,3,1191.69
2016/12/30,178635,16,0,12,3,1191.69
2016/12/31,153206,19,1,12,3,1191.69
2017/1/1,92993.92,20,2,1,3,1638.41
2017/1/2,142874,21,1,1,3,1638.41
2017/1/3,180391,21,0,1,3,1638.41
2017/1/4,187366,22,0,1,3,1638.41
2017/1/5,188169,22,0,1,3,1638.41
2017/1/6,186955,22,0,1,3,1638.41
2017/1/7,183815,19,1,1,3,1638.41
2017/1/8,163809,19,1,1,3,1638.41
2017/1/9,179207,19,0,1,3,1638.41
2017/1/10,183218,17,0,1,3,1638.41
2017/1/11,180814,14,0,1,3,1638.41
2017/1/12,179965,12,0,1,3,1638.41
2017/1/13,176998,12,0,1,3,1638.41
2017/1/14,168053,12,1,1,3,1638.41
2017/1/15,150079,13,1,1,3,1638.41
2017/1/16,158294,14,0,1,3,1638.41
2017/1/17,154366,18,0,1,3,1638.41
2017/1/18,144726,17,0,1,3,1638.41
2017/1/19,132530,16,0,1,3,1638.41
2017/1/20,115482,14,0,1,3,1638.41
2017/1/21,97673,15,1,1,3,1638.41
2017/1/22,84124.16,16,0,1,3,1638.41
2017/1/23,76544.48,16,0,1,3,1638.41
2017/1/24,68075.4,17,0,1,3,1638.41
2017/1/25,58978.24,16,0,1,3,1638.41
2017/1/26,51182.4,16,0,1,3,1638.41
2017/1/27,43202.56,19,1,1,3,1638.41
2017/1/28,39432.56,19,2,1,3,1638.41
2017/1/29,40718.56,19,2,1,3,1638.41
2017/1/30,41629.6,16,2,1,3,1638.41
2017/1/31,46081.76,18,1,1,3,1638.41
2017/2/1,51352.16,18,1,2,3,1638.41
2017/2/2,57794.88,17,1,2,3,1638.41
2017/2/3,63944.8,18,0,2,3,1638.41
2017/2/4,77463.52,19,0,2,3,1638.41
2017/2/5,85225.28,20,1,2,3,1638.41
2017/2/6,109859,17,0,2,3,1638.41
2017/2/7,125593,14,0,2,3,1638.41
2017/2/8,136692,12,0,2,3,1638.41
2017/2/9,143991,12,0,2,3,1638.41
2017/2/10,150190,11,0,2,3,1638.41
2017/2/11,138432,13,1,2,3,1638.41
2017/2/12,129367,15,1,2,3,1638.41
2017/2/13,155814,16,0,2,3,1638.41
2017/2/14,164782,18,0,2,3,1638.41
2017/2/15,168891,19,0,2,3,1638.41
2017/2/16,171919,20,0,2,3,1638.41
2017/2/17,175011,21,0,2,3,1638.41
2017/2/18,171007,21,1,2,3,1638.41
2017/2/19,145665,20,1,2,3,1638.41
2017/2/20,172875,21,0,2,3,1638.41
2017/2/21,183072,21,0,2,3,1638.41
2017/2/22,184243,12,0,2,3,1638.41
2017/2/23,185038,9,0,2,3,1638.41
2017/2/24,187456,8,0,2,3,1638.41
2017/2/25,183908,11,1,2,3,1638.41
2017/2/26,155012,17,1,2,3,1638.41
2017/2/27,177593,18,0,2,3,1638.41
2017/2/28,182037,18,0,2,0,1638.41
2017/3/1,181272,17,0,3,0,1638.41
2017/3/2,186179,18,0,3,0,1638.41
2017/3/3,188256,17,0,3,0,1638.41
2017/3/4,181083,15,1,3,0,1638.41
2017/3/5,147442,15,1,3,0,1638.41
2017/3/6,179658,16,0,3,0,1638.41
2017/3/7,190751,17,0,3,0,1638.41
2017/3/8,189878,18,0,3,0,1638.41
2017/3/9,192568,20,0,3,0,1638.41
2017/3/10,193181,21,0,3,0,1638.41
2017/3/11,186868,15,1,3,0,1638.41
2017/3/12,154788,15,1,3,0,1638.41
2017/3/13,185977,18,0,3,0,1638.41
2017/3/14,193929,17,0,3,0,1638.41
2017/3/15,192415,20,0,3,0,1638.41
2017/3/16,191700,20,0,3,0,1638.41
2017/3/17,193966,22,0,3,0,1638.41
2017/3/18,187061,22,1,3,0,1638.41
2017/3/19,153612,20,1,3,0,1638.41
2017/3/20,186496,22,0,3,0,1638.41
2017/3/21,198606,22,0,3,0,1638.41
2017/3/22,196399,16,0,3,0,1638.41
2017/3/23,197242,12,0,3,0,1638.41
2017/3/24,198569,19,0,3,0,1638.41
2017/3/25,188293,21,1,3,0,1638.41
2017/3/26,154892,21,1,3,0,1638.41
2017/3/27,183909,24,0,3,0,1638.41
2017/3/28,192925,17,0,3,0,1638.41
2017/3/29,197218,18,0,3,0,1638.41
2017/3/30,198134,19,0,3,0,1638.41
2017/3/31,190535,20,0,3,0,1638.41
2017/4/1,180041,22,0,4,0,1886.98
2017/4/2,159972,23,1,4,0,1886.98
2017/4/3,136509,22,1,4,0,1886.98
2017/4/4,92725.76,24,2,4,0,1886.98
2017/4/5,165022,25,0,4,0,1886.98
2017/4/6,194770,25,0,4,0,1886.98
2017/4/7,199965,26,0,4,0,1886.98
2017/4/8,198168,22,1,4,0,1886.98
2017/4/9,173199,19,1,4,0,1886.98
2017/4/10,203920,18,0,4,0,1886.98
2017/4/11,212961,20,0,4,0,1886.98
2017/4/12,197857,24,0,4,0,1886.98
2017/4/13,196185,25,0,4,0,1886.98
2017/4/14,197972,26,0,4,0,1886.98
2017/4/15,194068,26,1,4,0,1886.98
2017/4/16,160333,28,1,4,0,1886.98
2017/4/17,202413,25,0,4,0,1886.98
2017/4/18,220665,23,0,4,0,1886.98
2017/4/19,224690,20,0,4,0,1886.98
2017/4/20,223739,20,0,4,0,1886.98
2017/4/21,220907,22,0,4,0,1886.98
2017/4/22,193884,22,1,4,0,1886.98
2017/4/23,163712,24,1,4,0,1886.98
2017/4/24,190974,22,0,4,0,1886.98
2017/4/25,200598,22,0,4,0,1886.98
2017/4/26,206798,23,0,4,0,1886.98
2017/4/27,201442,24,0,4,0,1886.98
2017/4/28,196480,24,0,4,0,1886.98
2017/4/29,182111,26,1,4,0,1886.98
2017/4/30,135659,27,1,4,0,1886.98
2017/5/1,94485.44,23,2,5,0,1886.98
2017/5/2,176866,25,0,5,0,1886.98
2017/5/3,217358,27,0,5,0,1886.98
2017/5/4,213769,27,0,5,0,1886.98
2017/5/5,218237,26,0,5,0,1886.98
2017/5/6,218734,25,1,5,0,1886.98
2017/5/7,186286,28,1,5,0,1886.98
2017/5/8,212611,28,0,5,0,1886.98
2017/5/9,218295,27,0,5,0,1886.98
2017/5/10,226743,25,0,5,0,1886.98
2017/5/11,231121,26,0,5,0,1886.98
2017/5/12,230288,24,0,5,0,1886.98
2017/5/13,214415,25,1,5,0,1886.98
2017/5/14,177201,26,1,5,0,1886.98
2017/5/15,212623,25,0,5,0,1886.98
2017/5/16,213546,25,0,5,0,1886.98
2017/5/17,220252,25,0,5,0,1886.98
2017/5/18,222054,25,0,5,0,1886.98
2017/5/19,216420,26,0,5,0,1886.98
2017/5/20,203268,27,1,5,0,1886.98
2017/5/21,175336,25,1,5,0,1886.98
2017/5/22,207891,25,0,5,0,1886.98
2017/5/23,226567,25,0,5,0,1886.98
2017/5/24,222334,26,0,5,0,1886.98
2017/5/25,216557,27,0,5,0,1886.98
2017/5/26,214132,27,0,5,0,1886.98
2017/5/27,214259,27,0,5,0,1886.98
2017/5/28,196060,28,1,5,0,1886.98
2017/5/29,176910,29,1,5,1,1886.98
2017/5/30,120494,29,2,5,1,1886.98
2017/5/31,200918,30,0,5,1,1886.98
2017/6/1,240906,29,0,6,1,1886.98
2017/6/2,253727,31,0,6,1,1886.98
2017/6/3,253103,30,1,6,1,1886.98
2017/6/4,224258,29,1,6,1,1886.98
2017/6/5,258738,30,0,6,1,1886.98
2017/6/6,269912,30,0,6,1,1886.98
2017/6/7,265497,29,0,6,1,1886.98
2017/6/8,265717,30,0,6,1,1886.98
2017/6/9,259678,30,0,6,1,1886.98
2017/6/10,250720,28,1,6,1,1886.98
2017/6/11,215252,27,1,6,1,1886.98
2017/6/12,245409,28,0,6,1,1886.98
2017/6/13,242388,27,0,6,1,1886.98
2017/6/14,241400,26,0,6,1,1886.98
2017/6/15,248719,26,0,6,1,1886.98
2017/6/16,245453,27,0,6,1,1886.98
2017/6/17,221199,27,1,6,1,1886.98
2017/6/18,180700,28,1,6,1,1886.98
2017/6/19,221051,28,0,6,1,1886.98
2017/6/20,231744,29,0,6,1,1886.98
2017/6/21,239555,29,0,6,1,1886.98
2017/6/22,245341,30,0,6,1,1886.98
2017/6/23,254444,30,0,6,1,1886.98
2017/6/24,247377,30,1,6,1,1886.98
2017/6/25,212223,30,1,6,1,1886.98
2017/6/26,254983,30,0,6,1,1886.98
2017/6/27,266620,30,0,6,1,1886.98
2017/6/28,266687,29,0,6,1,1886.98
2017/6/29,265301,28,0,6,1,1886.98
2017/6/30,255326,26,0,6,1,1886.98
2017/7/1,238050,27,1,7,1,2323.33
2017/7/2,196845,28,1,7,1,2323.33
2017/7/3,227520,28,0,7,1,2323.33
2017/7/4,236449,28,0,7,1,2323.33
2017/7/5,245214,27,0,7,1,2323.33
2017/7/6,243370,29,0,7,1,2323.33
2017/7/7,242989,29,0,7,1,2323.33
2017/7/8,232866,29,1,7,1,2323.33
2017/7/9,200508,29,1,7,1,2323.33
2017/7/10,247203,29,0,7,1,2323.33
2017/7/11,262182,30,0,7,1,2323.33
2017/7/12,261769,29,0,7,1,2323.33
2017/7/13,265396,27,0,7,1,2323.33
2017/7/14,268287,27,0,7,1,2323.33
2017/7/15,253385,27,1,7,1,2323.33
2017/7/16,200712,27,1,7,1,2323.33
2017/7/17,232509,28,0,7,1,2323.33
2017/7/18,230855,29,0,7,1,2323.33
2017/7/19,237240,30,0,7,1,2323.33
2017/7/20,245341,28,0,7,1,2323.33
2017/7/21,254796,27,0,7,1,2323.33
2017/7/22,252019,30,1,7,1,2323.33
2017/7/23,202608,30,1,7,1,2323.33
2017/7/24,238802,30,0,7,1,2323.33
2017/7/25,258956,30,0,7,1,2323.33
2017/7/26,263782,31,0,7,1,2323.33
2017/7/27,262792,33,0,7,1,2323.33
2017/7/28,269655,30,0,7,1,2323.33
2017/7/29,269869,30,1,7,1,2323.33
2017/7/30,235644,30,1,7,1,2323.33
2017/7/31,273461,28,0,7,1,2323.33
2017/8/1,283715,28,0,8,1,2323.33
2017/8/2,272943,29,0,8,1,2323.33
2017/8/3,260656,30,0,8,1,2323.33
2017/8/4,256243,31,0,8,1,2323.33
2017/8/5,254454,31,1,8,1,2323.33
2017/8/6,223949,31,1,8,1,2323.33
2017/8/7,273304,30,0,8,1,2323.33
2017/8/8,285827,30,0,8,1,2323.33
2017/8/9,280709,31,0,8,1,2323.33
2017/8/10,274296,31,0,8,1,2323.33
2017/8/11,275127,31,0,8,1,2323.33
2017/8/12,266627,31,1,8,1,2323.33
2017/8/13,226190,29,1,8,1,2323.33
2017/8/14,270019,30,0,8,1,2323.33
2017/8/15,278454,31,0,8,1,2323.33
2017/8/16,277355,31,0,8,1,2323.33
2017/8/17,280101,31,0,8,1,2323.33
2017/8/18,282475,31,0,8,1,2323.33
2017/8/19,272551,32,1,8,1,2323.33
2017/8/20,235919,27,1,8,1,2323.33
2017/8/21,282733,29,0,8,1,2323.33
2017/8/22,294200,30,0,8,1,2323.33
2017/8/23,258856,29,0,8,1,2323.33
2017/8/24,261775,27,0,8,1,2323.33
2017/8/25,265663,27,0,8,1,2323.33
2017/8/26,252016,29,1,8,1,2323.33
2017/8/27,190647,30,1,8,1,2323.33
2017/8/28,218224,30,0,8,1,2323.33
2017/8/29,240073,30,0,8,2,2323.33
2017/8/30,255521,30,0,8,2,2323.33
2017/8/31,257152,29,0,8,2,2323.33
2017/9/1,252569,26,0,9,2,2323.33
2017/9/2,248242,28,1,9,2,2323.33
2017/9/3,212067,29,1,9,2,2323.33
2017/9/4,235045,29,0,9,2,2323.33
2017/9/5,247633,29,0,9,2,2323.33
2017/9/6,252999,29,0,9,2,2323.33
2017/9/7,253442,29,0,9,2,2323.33
2017/9/8,249964,30,0,9,2,2323.33
2017/9/9,246643,30,1,9,2,2323.33
2017/9/10,215415,30,1,9,2,2323.33
2017/9/11,258195,30,0,9,2,2323.33
2017/9/12,275005,30,0,9,2,2323.33
2017/9/13,273997,30,0,9,2,2323.33
2017/9/14,269868,30,0,9,2,2323.33
2017/9/15,264686,30,0,9,2,2323.33
2017/9/16,258883,30,1,9,2,2323.33
2017/9/17,228192,29,1,9,2,2323.33
2017/9/18,264235,30,0,9,2,2323.33
2017/9/19,271546,29,0,9,2,2323.33
2017/9/20,272456,29,0,9,2,2323.33
2017/9/21,272360,29,0,9,2,2323.33
2017/9/22,269622,29,0,9,2,2323.33
2017/9/23,265260,30,1,9,2,2323.33
2017/9/24,234985,30,1,9,2,2323.33
2017/9/25,264353,30,0,9,2,2323.33
2017/9/26,273188,30,0,9,2,2323.33
2017/9/27,279071,29,0,9,2,2323.33
2017/9/28,281262,29,0,9,2,2323.33
2017/9/29,270311,29,0,9,2,2323.33
2017/9/30,236674,30,0,9,2,2323.33
2017/10/1,140243,28,2,10,2,2097.4
2017/10/2,128278,28,2,10,2,2097.4
2017/10/3,134228,29,2,10,2,2097.4
2017/10/4,124562,29,2,10,2,2097.4
2017/10/5,176747,30,1,10,2,2097.4
2017/10/6,222162,29,1,10,2,2097.4
2017/10/7,239224,29,1,10,2,2097.4
2017/10/8,234974,29,1,10,2,2097.4
2017/10/9,258824,29,0,10,2,2097.4
2017/10/10,270325,26,0,10,2,2097.4
2017/10/11,276078,24,0,10,2,2097.4
2017/10/12,269369,21,0,10,2,2097.4
2017/10/13,240332,22,0,10,2,2097.4
2017/10/14,215387,24,1,10,2,2097.4
2017/10/15,172456,25,1,10,2,2097.4
2017/10/16,200448,25,0,10,2,2097.4
2017/10/17,213012,25,0,10,2,2097.4
2017/10/18,218822,23,0,10,2,2097.4
2017/10/19,216934,21,0,10,2,2097.4
2017/10/20,214429,21,0,10,2,2097.4
2017/10/21,204973,24,1,10,2,2097.4
2017/10/22,171328,24,1,10,2,2097.4
2017/10/23,200922,10,0,10,2,2097.4
2017/10/24,212075,10,0,10,2,2097.4
2017/10/25,214232,9,0,10,2,2097.4
2017/10/26,215863,9,0,10,2,2097.4
2017/10/27,215716,22,0,10,2,2097.4
2017/10/28,207028,20,1,10,2,2097.4
2017/10/29,171648,21,1,10,2,2097.4
2017/10/30,197594,22,0,10,2,2097.4
2017/10/31,198831,22,0,10,2,2097.4
