Date,DailyElectricity,MaxTemperature,MinTemperature,Season,GDP,holiday,MonthElectricity
2014/1/1,0.93,21,12,3,1182.31,2,38.91
2014/1/2,1.29,21,14,3,1182.31,0,38.91
2014/1/3,1.61,21,14,3,1182.31,0,38.91
2014/1/4,1.49,20,12,3,1182.31,1,38.91
2014/1/5,1.39,21,13,3,1182.31,1,38.91
2014/1/6,1.57,22,16,3,1182.31,0,38.91
2014/1/7,1.65,20,15,3,1182.31,0,38.91
2014/1/8,1.66,16,11,3,1182.31,0,38.91
2014/1/9,1.64,18,11,3,1182.31,0,38.91
2014/1/10,1.61,21,13,3,1182.31,0,38.91
2014/1/11,1.61,21,13,3,1182.31,1,38.91
2014/1/12,1.42,20,10,3,1182.31,1,38.91
2014/1/13,1.52,16,8,3,1182.31,0,38.91
2014/1/14,1.61,18,7,3,1182.31,0,38.91
2014/1/15,1.59,18,8,3,1182.31,0,38.91
2014/1/16,1.57,20,10,3,1182.31,0,38.91
2014/1/17,1.54,19,10,3,1182.31,0,38.91
2014/1/18,1.47,19,9,3,1182.31,1,38.91
2014/1/19,1.3,20,10,3,1182.31,1,38.91
2014/1/20,1.32,20,9,3,1182.31,0,38.91
2014/1/21,1.31,18,8,3,1182.31,0,38.91
2014/1/22,1.24,19,9,3,1182.31,0,38.91
2014/1/23,1.16,20,9,3,1182.31,0,38.91
2014/1/24,1.04,22,13,3,1182.31,0,38.91
2014/1/25,0.89,23,15,3,1182.31,1,38.91
2014/1/26,0.76,25,15,3,1182.31,0,38.91
2014/1/27,0.68,22,14,3,1182.31,0,38.91
2014/1/28,0.63,26,15,3,1182.31,0,38.91
2014/1/29,0.55,26,16,3,1182.31,0,38.91
2014/1/30,0.46,25,16,3,1182.31,0,38.91
2014/1/31,0.4,27,16,3,1182.31,2,38.91
2014/2/1,0.4,27,17,3,1182.31,2,33.38
2014/2/2,0.41,27,17,3,1182.31,2,33.38
2014/2/3,0.45,27,17,3,1182.31,1,33.38
2014/2/4,0.5,23,17,3,1182.31,1,33.38
2014/2/5,0.57,24,17,3,1182.31,1,33.38
2014/2/6,0.65,23,18,3,1182.31,1,33.38
2014/2/7,0.79,18,12,3,1182.31,0,33.38
2014/2/8,0.89,11,8,3,1182.31,0,33.38
2014/2/9,0.93,12,7,3,1182.31,1,33.38
2014/2/10,1.11,9,5,3,1182.31,0,33.38
2014/2/11,1.26,10,5,3,1182.31,0,33.38
2014/2/12,1.34,7,4,3,1182.31,0,33.38
2014/2/13,1.39,12,6,3,1182.31,0,33.38
2014/2/14,1.35,15,7,3,1182.31,0,33.38
2014/2/15,1.36,16,9,3,1182.31,1,33.38
2014/2/16,1.24,15,11,3,1182.31,1,33.38
2014/2/17,1.37,21,15,3,1182.31,0,33.38
2014/2/18,1.5,9,6,3,1182.31,0,33.38
2014/2/19,1.55,14,6,3,1182.31,0,33.38
2014/2/20,1.56,18,6,3,1182.31,0,33.38
2014/2/21,1.57,20,11,3,1182.31,0,33.38
2014/2/22,1.53,19,12,3,1182.31,1,33.38
2014/2/23,1.32,23,15,3,1182.31,1,33.38
2014/2/24,1.48,24,15,3,1182.31,0,33.38
2014/2/25,1.61,23,17,3,1182.31,0,33.38
2014/2/26,1.62,26,17,3,1182.31,0,33.38
2014/2/27,1.64,24,18,3,1182.31,0,33.38
2014/2/28,1.99,25,18,3,1182.31,0,33.38
2014/3/1,1.5,21,17,0,1182.31,1,50.21
2014/3/2,1.3,21,16,0,1182.31,1,50.21
2014/3/3,1.49,20,16,0,1182.31,0,50.21
2014/3/4,1.65,19,14,0,1182.31,0,50.21
2014/3/5,1.66,17,14,0,1182.31,0,50.21
2014/3/6,1.67,17,14,0,1182.31,0,50.21
2014/3/7,1.68,14,12,0,1182.31,0,50.21
2014/3/8,1.63,14,12,0,1182.31,1,50.21
2014/3/9,1.41,16,13,0,1182.31,1,50.21
2014/3/10,1.57,17,14,0,1182.31,0,50.21
2014/3/11,1.7,21,14,0,1182.31,0,50.21
2014/3/12,1.71,21,15,0,1182.31,0,50.21
2014/3/13,1.71,18,13,0,1182.31,0,50.21
2014/3/14,1.7,19,17,0,1182.31,0,50.21
2014/3/15,1.66,20,16,0,1182.31,1,50.21
2014/3/16,1.38,24,18,0,1182.31,1,50.21
2014/3/17,1.55,26,18,0,1182.31,0,50.21
2014/3/18,1.72,27,20,0,1182.31,0,50.21
2014/3/19,1.74,26,15,0,1182.31,0,50.21
2014/3/20,1.76,19,14,0,1182.31,0,50.21
2014/3/21,1.72,20,14,0,1182.31,0,50.21
2014/3/22,1.66,22,16,0,1182.31,1,50.21
2014/3/23,1.41,26,17,0,1182.31,1,50.21
2014/3/24,1.57,27,18,0,1182.31,0,50.21
2014/3/25,1.73,26,20,0,1182.31,0,50.21
2014/3/26,1.74,28,20,0,1182.31,0,50.21
2014/3/27,1.77,27,21,0,1182.31,0,50.21
2014/3/28,1.79,28,22,0,1182.31,0,50.21
2014/3/29,1.72,24,20,0,1182.31,1,50.21
2014/3/30,1.43,23,19,0,1182.31,1,50.21
2014/3/31,1.48,24,20,0,1182.31,0,50.21
2014/4/1,1.64,22,17,0,1414.61,0,50.77
2014/4/2,1.69,20,17,0,1414.61,0,50.77
2014/4/3,1.7,26,19,0,1414.61,0,50.77
2014/4/4,1.67,27,18,0,1414.61,0,50.77
2014/4/5,1.06,24,19,0,1414.61,2,50.77
2014/4/6,1.03,25,19,0,1414.61,1,50.77
2014/4/7,1.43,25,20,0,1414.61,1,50.77
2014/4/8,1.68,27,21,0,1414.61,0,50.77
2014/4/9,1.75,29,21,0,1414.61,0,50.77
2014/4/10,1.78,29,21,0,1414.61,0,50.77
2014/4/11,1.7,30,22,0,1414.61,0,50.77
2014/4/12,1.75,30,22,0,1414.61,1,50.77
2014/4/13,1.58,29,23,0,1414.61,1,50.77
2014/4/14,1.73,27,21,0,1414.61,0,50.77
2014/4/15,1.79,29,22,0,1414.61,0,50.77
2014/4/16,1.79,29,22,0,1414.61,0,50.77
2014/4/17,1.83,30,22,0,1414.61,0,50.77
2014/4/18,1.87,30,23,0,1414.61,0,50.77
2014/4/19,1.83,30,22,0,1414.61,1,50.77
2014/4/20,1.59,29,23,0,1414.61,1,50.77
2014/4/21,1.76,28,23,0,1414.61,0,50.77
2014/4/22,1.88,27,22,0,1414.61,0,50.77
2014/4/23,1.85,29,22,0,1414.61,0,50.77
2014/4/24,1.83,27,23,0,1414.61,0,50.77
2014/4/25,1.86,29,23,0,1414.61,0,50.77
2014/4/26,1.82,28,22,0,1414.61,1,50.77
2014/4/27,1.61,28,23,0,1414.61,1,50.77
2014/4/28,1.73,28,21,0,1414.61,0,50.77
2014/4/29,1.84,23,20,0,1414.61,0,50.77
2014/4/30,1.7,24,19,0,1414.61,0,50.77
2014/5/1,0.97,26,20,0,1414.61,2,56.54
2014/5/2,1.06,29,22,0,1414.61,1,56.54
2014/5/3,1.47,26,20,0,1414.61,1,56.54
2014/5/4,1.62,23,19,0,1414.61,0,56.54
2014/5/5,1.71,22,19,0,1414.61,0,56.54
2014/5/6,1.74,21,18,0,1414.61,0,56.54
2014/5/7,1.75,25,20,0,1414.61,0,56.54
2014/5/8,1.78,23,21,0,1414.61,0,56.54
2014/5/9,1.77,28,22,0,1414.61,0,56.54
2014/5/10,1.74,26,23,0,1414.61,1,56.54
2014/5/11,1.51,27,23,0,1414.61,1,56.54
2014/5/12,1.63,29,24,0,1414.61,0,56.54
2014/5/13,1.88,32,26,0,1414.61,0,56.54
2014/5/14,1.98,31,26,0,1414.61,0,56.54
2014/5/15,2.04,30,25,0,1414.61,0,56.54
2014/5/16,2.05,30,25,0,1414.61,0,56.54
2014/5/17,1.96,30,24,0,1414.61,1,56.54
2014/5/18,1.61,30,24,0,1414.61,1,56.54
2014/5/19,1.82,30,24,0,1414.61,0,56.54
2014/5/20,1.96,28,24,0,1414.61,0,56.54
2014/5/21,1.95,31,26,0,1414.61,0,56.54
2014/5/22,2.01,29,24,0,1414.61,0,56.54
2014/5/23,1.92,31,24,0,1414.61,0,56.54
2014/5/24,1.9,33,25,0,1414.61,1,56.54
2014/5/25,1.74,32,26,0,1414.61,1,56.54
2014/5/26,1.99,33,26,0,1414.61,0,56.54
2014/5/27,2.19,34,27,0,1414.61,0,56.54
2014/5/28,2.22,33,26,0,1414.61,0,56.54
2014/5/29,2.24,33,26,0,1414.61,0,56.54
2014/5/30,2.23,33,26,0,1414.61,0,56.54
2014/5/31,2.1,34,27,0,1414.61,1,56.54
2014/6/1,1.69,33,26,1,1414.61,1,62.13
2014/6/2,1.28,33,26,1,1414.61,2,62.13
2014/6/3,1.84,33,26,1,1414.61,0,62.13
2014/6/4,2.14,32,26,1,1414.61,0,62.13
2014/6/5,2.26,31,25,1,1414.61,0,62.13
2014/6/6,2.14,31,25,1,1414.61,0,62.13
2014/6/7,2.03,31,25,1,1414.61,1,62.13
2014/6/8,1.83,33,25,1,1414.61,1,62.13
2014/6/9,2.06,33,25,1,1414.61,0,62.13
2014/6/10,2.18,33,25,1,1414.61,0,62.13
2014/6/11,2.16,35,26,1,1414.61,0,62.13
2014/6/12,2.1,35,26,1,1414.61,0,62.13
2014/6/13,2.14,35,27,1,1414.61,0,62.13
2014/6/14,2.12,33,26,1,1414.61,1,62.13
2014/6/15,1.83,32,26,1,1414.61,1,62.13
2014/6/16,2.11,32,26,1,1414.61,0,62.13
2014/6/17,2.32,32,26,1,1414.61,0,62.13
2014/6/18,2.28,32,26,1,1414.61,0,62.13
2014/6/19,2.32,31,27,1,1414.61,0,62.13
2014/6/20,2.3,32,26,1,1414.61,0,62.13
2014/6/21,2.06,31,26,1,1414.61,1,62.13
2014/6/22,1.83,31,26,1,1414.61,1,62.13
2014/6/23,2.04,31,26,1,1414.61,0,62.13
2014/6/24,2.14,31,27,1,1414.61,0,62.13
2014/6/25,2.17,33,27,1,1414.61,0,62.13
2014/6/26,2.24,33,27,1,1414.61,0,62.13
2014/6/27,2.3,35,27,1,1414.61,0,62.13
2014/6/28,2.25,33,27,1,1414.61,1,62.13
2014/6/29,1.92,33,27,1,1414.61,1,62.13
2014/6/30,2.05,33,27,1,1414.61,0,62.13
2014/7/1,2.17,33,27,1,1546.49,0,69.75
2014/7/2,2.24,34,27,1,1546.49,0,69.75
2014/7/3,2.33,34,27,1,1546.49,0,69.75
2014/7/4,2.36,34,27,1,1546.49,0,69.75
2014/7/5,2.32,35,28,1,1546.49,1,69.75
2014/7/6,2.0,35,28,1,1546.49,1,69.75
2014/7/7,2.23,34,27,1,1546.49,0,69.75
2014/7/8,2.39,35,27,1,1546.49,0,69.75
2014/7/9,2.34,35,27,1,1546.49,0,69.75
2014/7/10,2.41,34,27,1,1546.49,0,69.75
2014/7/11,2.34,33,27,1,1546.49,0,69.75
2014/7/12,2.23,34,27,1,1546.49,1,69.75
2014/7/13,1.89,34,27,1,1546.49,1,69.75
2014/7/14,2.18,34,27,1,1546.49,0,69.75
2014/7/15,2.37,34,27,1,1546.49,0,69.75
2014/7/16,2.36,32,27,1,1546.49,0,69.75
2014/7/17,2.37,31,26,1,1546.49,0,69.75
2014/7/18,2.31,30,25,1,1546.49,0,69.75
2014/7/19,2.14,33,26,1,1546.49,1,69.75
2014/7/20,1.88,34,26,1,1546.49,1,69.75
2014/7/21,2.12,35,27,1,1546.49,0,69.75
2014/7/22,2.33,35,27,1,1546.49,0,69.75
2014/7/23,2.44,34,28,1,1546.49,0,69.75
2014/7/24,2.48,33,27,1,1546.49,0,69.75
2014/7/25,2.29,32,26,1,1546.49,0,69.75
2014/7/26,2.2,33,26,1,1546.49,1,69.75
2014/7/27,1.87,35,27,1,1546.49,1,69.75
2014/7/28,2.11,35,27,1,1546.49,0,69.75
2014/7/29,2.32,36,27,1,1546.49,0,69.75
2014/7/30,2.36,36,27,1,1546.49,0,69.75
2014/7/31,2.37,35,27,1,1546.49,0,69.75
2014/8/1,2.36,34,26,1,1546.49,0,67.68
2014/8/2,2.2,33,26,1,1546.49,1,67.68
2014/8/3,1.88,34,26,1,1546.49,1,67.68
2014/8/4,2.18,34,27,1,1546.49,0,67.68
2014/8/5,2.35,34,27,1,1546.49,0,67.68
2014/8/6,2.34,31,26,1,1546.49,0,67.68
2014/8/7,2.32,32,26,1,1546.49,0,67.68
2014/8/8,2.33,34,27,1,1546.49,0,67.68
2014/8/9,2.27,33,27,1,1546.49,1,67.68
2014/8/10,1.95,33,27,1,1546.49,1,67.68
2014/8/11,2.21,33,27,1,1546.49,0,67.68
2014/8/12,2.35,30,25,1,1546.49,0,67.68
2014/8/13,2.19,31,25,1,1546.49,0,67.68
2014/8/14,2.16,33,26,1,1546.49,0,67.68
2014/8/15,2.21,33,26,1,1546.49,0,67.68
2014/8/16,2.17,33,26,1,1546.49,1,67.68
2014/8/17,1.87,33,27,1,1546.49,1,67.68
2014/8/18,2.18,31,25,1,1546.49,0,67.68
2014/8/19,2.33,31,25,1,1546.49,0,67.68
2014/8/20,2.09,32,26,1,1546.49,0,67.68
2014/8/21,2.09,33,26,1,1546.49,0,67.68
2014/8/22,2.15,33,26,1,1546.49,0,67.68
2014/8/23,2.12,34,26,1,1546.49,1,67.68
2014/8/24,1.85,34,26,1,1546.49,1,67.68
2014/8/25,2.12,34,26,1,1546.49,0,67.68
2014/8/26,2.31,32,26,1,1546.49,0,67.68
2014/8/27,2.32,31,26,1,1546.49,0,67.68
2014/8/28,2.33,34,27,1,1546.49,0,67.68
2014/8/29,2.33,33,26,1,1546.49,0,67.68
2014/8/30,2.25,32,26,1,1546.49,1,67.68
2014/8/31,1.87,33,26,1,1546.49,1,67.68
2014/9/1,2.02,33,26,2,1546.49,0,63.09
2014/9/2,2.23,34,26,2,1546.49,0,63.09
2014/9/3,2.32,33,26,2,1546.49,0,63.09
2014/9/4,2.36,33,26,2,1546.49,0,63.09
2014/9/5,2.3,33,25,2,1546.49,0,63.09
2014/9/6,2.12,33,26,2,1546.49,1,63.09
2014/9/7,1.77,32,26,2,1546.49,1,63.09
2014/9/8,1.25,33,26,2,1546.49,2,63.09
2014/9/9,1.77,34,26,2,1546.49,0,63.09
2014/9/10,2.22,34,26,2,1546.49,0,63.09
2014/9/11,2.28,32,26,2,1546.49,0,63.09
2014/9/12,2.26,33,26,2,1546.49,0,63.09
2014/9/13,2.16,34,26,2,1546.49,1,63.09
2014/9/14,1.93,33,24,2,1546.49,1,63.09
2014/9/15,2.15,29,25,2,1546.49,0,63.09
2014/9/16,2.13,31,25,2,1546.49,0,63.09
2014/9/17,2.14,33,25,2,1546.49,0,63.09
2014/9/18,2.2,32,26,2,1546.49,0,63.09
2014/9/19,2.3,31,25,2,1546.49,0,63.09
2014/9/20,2.21,31,25,2,1546.49,1,63.09
2014/9/21,1.75,31,24,2,1546.49,1,63.09
2014/9/22,1.94,31,24,2,1546.49,0,63.09
2014/9/23,2.09,33,25,2,1546.49,0,63.09
2014/9/24,2.14,33,25,2,1546.49,0,63.09
2014/9/25,2.2,34,26,2,1546.49,0,63.09
2014/9/26,2.23,34,26,2,1546.49,0,63.09
2014/9/27,2.22,34,26,2,1546.49,1,63.09
2014/9/28,2.09,34,26,2,1546.49,0,63.09
2014/9/29,2.17,32,25,2,1546.49,0,63.09
2014/9/30,2.14,32,25,2,1546.49,0,63.09
2014/10/1,1.27,33,25,2,1727.77,2,55.81
2014/10/2,1.09,33,25,2,1727.77,2,55.81
2014/10/3,1.25,31,24,2,1727.77,2,55.81
2014/10/4,1.55,31,23,2,1727.77,1,55.81
2014/10/5,1.7,29,21,2,1727.77,1,55.81
2014/10/6,1.85,30,23,2,1727.77,1,55.81
2014/10/7,1.93,30,22,2,1727.77,1,55.81
2014/10/8,1.93,29,21,2,1727.77,0,55.81
2014/10/9,1.95,30,23,2,1727.77,0,55.81
2014/10/10,1.96,30,23,2,1727.77,0,55.81
2014/10/11,1.95,29,22,2,1727.77,0,55.81
2014/10/12,1.71,29,22,2,1727.77,1,55.81
2014/10/13,1.82,29,21,2,1727.77,0,55.81
2014/10/14,1.9,29,21,2,1727.77,0,55.81
2014/10/15,1.89,29,21,2,1727.77,0,55.81
2014/10/16,1.9,29,21,2,1727.77,0,55.81
2014/10/17,1.89,30,21,2,1727.77,0,55.81
2014/10/18,1.85,30,21,2,1727.77,1,55.81
2014/10/19,1.59,30,23,2,1727.77,1,55.81
2014/10/20,1.82,30,23,2,1727.77,0,55.81
2014/10/21,2.03,28,22,2,1727.77,0,55.81
2014/10/22,2.03,28,22,2,1727.77,0,55.81
2014/10/23,1.94,28,22,2,1727.77,0,55.81
2014/10/24,1.92,29,22,2,1727.77,0,55.81
2014/10/25,1.86,29,22,2,1727.77,1,55.81
2014/10/26,1.61,30,23,2,1727.77,1,55.81
2014/10/27,1.82,30,22,2,1727.77,0,55.81
2014/10/28,1.94,29,23,2,1727.77,0,55.81
2014/10/29,1.96,31,23,2,1727.77,0,55.81
2014/10/30,1.97,31,23,2,1727.77,0,55.81
2014/10/31,1.93,31,23,2,1727.77,0,55.81
2014/11/1,1.32,26,19,2,1727.77,1,52.76
2014/11/2,1.54,25,19,2,1727.77,1,52.76
2014/11/3,1.77,25,19,2,1727.77,0,52.76
2014/11/4,1.82,24,20,2,1727.77,0,52.76
2014/11/5,1.89,24,20,2,1727.77,0,52.76
2014/11/6,1.95,21,18,2,1727.77,0,52.76
2014/11/7,1.9,21,18,2,1727.77,0,52.76
2014/11/8,1.62,21,18,2,1727.77,1,52.76
2014/11/9,1.86,23,19,2,1727.77,1,52.76
2014/11/10,1.88,20,17,2,1727.77,0,52.76
2014/11/11,1.88,20,17,2,1727.77,0,52.76
2014/11/12,1.89,22,17,2,1727.77,0,52.76
2014/11/13,1.86,22,17,2,1727.77,0,52.76
2014/11/14,1.75,26,19,2,1727.77,0,52.76
2014/11/15,1.45,26,19,2,1727.77,1,52.76
2014/11/16,1.68,22,15,2,1727.77,1,52.76
2014/11/17,1.92,22,15,2,1727.77,0,52.76
2014/11/18,1.97,24,17,2,1727.77,0,52.76
2014/11/19,1.97,24,17,2,1727.77,0,52.76
2014/11/20,1.97,26,18,2,1727.77,0,52.76
2014/11/21,1.84,26,18,2,1727.77,0,52.76
2014/11/22,1.54,29,21,2,1727.77,1,52.76
2014/11/23,1.74,29,21,2,1727.77,1,52.76
2014/11/24,1.86,26,18,2,1727.77,0,52.76
2014/11/25,1.83,26,18,2,1727.77,0,52.76
2014/11/26,1.75,27,20,2,1727.77,0,52.76
2014/11/27,1.74,27,20,2,1727.77,0,52.76
2014/11/28,1.67,27,23,2,1727.77,0,52.76
2014/11/29,1.37,28,22,2,1727.77,1,52.76
2014/11/30,1.53,19,12,2,1727.77,1,52.76
2014/12/1,1.52,15,12,3,1727.77,0,51.44
2014/12/2,1.7,16,10,3,1727.77,0,51.44
2014/12/3,1.73,15,10,3,1727.77,0,51.44
2014/12/4,1.75,16,12,3,1727.77,0,51.44
2014/12/5,1.75,19,11,3,1727.77,0,51.44
2014/12/6,1.7,17,14,3,1727.77,1,51.44
2014/12/7,1.44,18,12,3,1727.77,1,51.44
2014/12/8,1.6,22,16,3,1727.77,0,51.44
2014/12/9,1.74,21,16,3,1727.77,0,51.44
2014/12/10,1.75,19,12,3,1727.77,0,51.44
2014/12/11,1.75,16,12,3,1727.77,0,51.44
2014/12/12,1.75,17,9,3,1727.77,0,51.44
2014/12/13,1.7,19,11,3,1727.77,1,51.44
2014/12/14,1.41,21,13,3,1727.77,1,51.44
2014/12/15,1.58,17,12,3,1727.77,0,51.44
2014/12/16,1.72,15,7,3,1727.77,0,51.44
2014/12/17,1.73,17,7,3,1727.77,0,51.44
2014/12/18,1.75,14,9,3,1727.77,0,51.44
2014/12/19,1.76,18,9,3,1727.77,0,51.44
2014/12/20,1.68,18,9,3,1727.77,1,51.44
2014/12/21,1.43,16,8,3,1727.77,1,51.44
2014/12/22,1.59,18,10,3,1727.77,0,51.44
2014/12/23,1.75,17,11,3,1727.77,0,51.44
2014/12/24,1.74,17,14,3,1727.77,0,51.44
2014/12/25,1.74,17,13,3,1727.77,0,51.44
2014/12/26,1.73,17,13,3,1727.77,0,51.44
2014/12/27,1.71,16,11,3,1727.77,1,51.44
2014/12/28,1.52,17,9,3,1727.77,1,51.44
2014/12/29,1.6,20,9,3,1727.77,0,51.44
2014/12/30,1.63,21,10,3,1727.77,0,51.44
2014/12/31,1.49,19,11,3,1727.77,0,51.44
2015/1/1,0.89,19,9,3,1337.9,2,49.52
2015/1/2,1.09,21,11,3,1337.9,1,49.52
2015/1/3,1.42,22,13,3,1337.9,1,49.52
2015/1/4,1.48,23,16,3,1337.9,0,49.52
2015/1/5,1.61,24,18,3,1337.9,0,49.52
2015/1/6,1.7,22,15,3,1337.9,0,49.52
2015/1/7,1.73,19,11,3,1337.9,0,49.52
2015/1/8,1.72,19,9,3,1337.9,0,49.52
2015/1/9,1.73,19,11,3,1337.9,0,49.52
2015/1/10,1.69,20,12,3,1337.9,1,49.52
2015/1/11,1.48,14,10,3,1337.9,1,49.52
2015/1/12,1.63,15,10,3,1337.9,0,49.52
2015/1/13,1.75,18,8,3,1337.9,0,49.52
2015/1/14,1.75,18,7,3,1337.9,0,49.52
2015/1/15,1.75,20,9,3,1337.9,0,49.52
2015/1/16,1.72,20,11,3,1337.9,0,49.52
2015/1/17,1.68,21,11,3,1337.9,1,49.52
2015/1/18,1.43,20,11,3,1337.9,1,49.52
2015/1/19,1.55,20,12,3,1337.9,0,49.52
2015/1/20,1.71,21,13,3,1337.9,0,49.52
2015/1/21,1.71,20,12,3,1337.9,0,49.52
2015/1/22,1.7,22,12,3,1337.9,0,49.52
2015/1/23,1.7,20,13,3,1337.9,0,49.52
2015/1/24,1.66,23,15,3,1337.9,1,49.52
2015/1/25,1.45,24,16,3,1337.9,1,49.52
2015/1/26,1.57,24,17,3,1337.9,0,49.52
2015/1/27,1.68,22,16,3,1337.9,0,49.52
2015/1/28,1.68,21,14,3,1337.9,0,49.52
2015/1/29,1.66,20,12,3,1337.9,0,49.52
2015/1/30,1.64,18,11,3,1337.9,0,49.52
2015/1/31,1.56,17,12,3,1337.9,1,49.52
2015/2/1,1.32,19,12,3,1337.9,1,25.8
2015/2/2,1.46,21,14,3,1337.9,0,25.8
2015/2/3,1.56,20,14,3,1337.9,0,25.8
2015/2/4,1.54,15,9,3,1337.9,0,25.8
2015/2/5,1.53,17,9,3,1337.9,0,25.8
2015/2/6,1.5,17,11,3,1337.9,0,25.8
2015/2/7,1.42,19,11,3,1337.9,1,25.8
2015/2/8,1.25,18,10,3,1337.9,1,25.8
2015/2/9,1.25,18,10,3,1337.9,0,25.8
2015/2/10,1.2,20,12,3,1337.9,0,25.8
2015/2/11,1.11,20,12,3,1337.9,0,25.8
2015/2/12,1.0,20,12,3,1337.9,0,25.8
2015/2/13,0.87,24,14,3,1337.9,0,25.8
2015/2/14,0.73,22,17,3,1337.9,1,25.8
2015/2/15,0.64,24,17,3,1337.9,0,25.8
2015/2/16,0.58,22,16,3,1337.9,0,25.8
2015/2/17,0.51,24,16,3,1337.9,0,25.8
2015/2/18,0.42,23,17,3,1337.9,2,25.8
2015/2/19,0.37,22,16,3,1337.9,2,25.8
2015/2/20,0.37,23,17,3,1337.9,2,25.8
2015/2/21,0.39,23,18,3,1337.9,1,25.8
2015/2/22,0.43,24,18,3,1337.9,1,25.8
2015/2/23,0.48,25,18,3,1337.9,1,25.8
2015/2/24,0.56,26,19,3,1337.9,1,25.8
2015/2/25,0.64,26,19,3,1337.9,0,25.8
2015/2/26,0.77,26,19,3,1337.9,0,25.8
2015/2/27,0.92,25,19,3,1337.9,0,25.8
2015/2/28,0.98,19,15,3,1337.9,0,25.8
2015/3/1,0.96,19,15,0,1337.9,1,47.68
2015/3/2,1.14,22,14,0,1337.9,0,47.68
2015/3/3,1.28,18,14,0,1337.9,0,47.68
2015/3/4,1.35,18,15,0,1337.9,0,47.68
2015/3/5,1.35,19,16,0,1337.9,0,47.68
2015/3/6,1.41,17,13,0,1337.9,0,47.68
2015/3/7,1.43,22,15,0,1337.9,1,47.68
2015/3/8,1.26,21,17,0,1337.9,1,47.68
2015/3/9,1.43,21,16,0,1337.9,0,47.68
2015/3/10,1.55,17,14,0,1337.9,0,47.68
2015/3/11,1.59,16,13,0,1337.9,0,47.68
2015/3/12,1.62,21,14,0,1337.9,0,47.68
2015/3/13,1.63,24,17,0,1337.9,0,47.68
2015/3/14,1.61,25,18,0,1337.9,1,47.68
2015/3/15,1.37,26,21,0,1337.9,1,47.68
2015/3/16,1.51,27,21,0,1337.9,0,47.68
2015/3/17,1.68,27,21,0,1337.9,0,47.68
2015/3/18,1.7,28,21,0,1337.9,0,47.68
2015/3/19,1.76,28,22,0,1337.9,0,47.68
2015/3/20,1.79,28,21,0,1337.9,0,47.68
2015/3/21,1.75,25,20,0,1337.9,1,47.68
2015/3/22,1.47,24,19,0,1337.9,1,47.68
2015/3/23,1.6,20,17,0,1337.9,0,47.68
2015/3/24,1.73,22,17,0,1337.9,0,47.68
2015/3/25,1.74,24,18,0,1337.9,0,47.68
2015/3/26,1.73,24,17,0,1337.9,0,47.68
2015/3/27,1.74,26,19,0,1337.9,0,47.68
2015/3/28,1.69,28,20,0,1337.9,1,47.68
2015/3/29,1.46,28,20,0,1337.9,1,47.68
2015/3/30,1.61,28,21,0,1337.9,0,47.68
2015/3/31,1.74,29,23,0,1337.9,0,47.68
2015/4/1,1.77,28,24,0,1597.33,0,52.34
2015/4/2,1.85,29,24,0,1597.33,0,52.34
2015/4/3,1.86,29,24,0,1597.33,0,52.34
2015/4/4,1.65,30,25,0,1597.33,1,52.34
2015/4/5,1.08,31,24,0,1597.33,2,52.34
2015/4/6,1.35,29,23,0,1597.33,1,52.34
2015/4/7,1.85,23,17,0,1597.33,0,52.34
2015/4/8,1.77,19,14,0,1597.33,0,52.34
2015/4/9,1.75,17,14,0,1597.33,0,52.34
2015/4/10,1.76,16,14,0,1597.33,0,52.34
2015/4/11,1.72,20,15,0,1597.33,1,52.34
2015/4/12,1.48,23,16,0,1597.33,1,52.34
2015/4/13,1.63,25,14,0,1597.33,0,52.34
2015/4/14,1.77,27,16,0,1597.33,0,52.34
2015/4/15,1.78,28,17,0,1597.33,0,52.34
2015/4/16,1.8,30,19,0,1597.33,0,52.34
2015/4/17,1.84,28,22,0,1597.33,0,52.34
2015/4/18,1.82,30,24,0,1597.33,1,52.34
2015/4/19,1.55,27,21,0,1597.33,1,52.34
2015/4/20,1.8,24,19,0,1597.33,0,52.34
2015/4/21,1.84,27,19,0,1597.33,0,52.34
2015/4/22,1.86,26,21,0,1597.33,0,52.34
2015/4/23,1.84,27,22,0,1597.33,0,52.34
2015/4/24,1.87,28,22,0,1597.33,0,52.34
2015/4/25,1.85,29,22,0,1597.33,1,52.34
2015/4/26,1.58,29,22,0,1597.33,1,52.34
2015/4/27,1.76,30,21,0,1597.33,0,52.34
2015/4/28,1.94,29,23,0,1597.33,0,52.34
2015/4/29,1.99,30,24,0,1597.33,0,52.34
2015/4/30,1.93,31,24,0,1597.33,0,52.34
2015/5/1,1.14,32,25,0,1597.33,2,58.75
2015/5/2,1.09,31,25,0,1597.33,1,58.75
2015/5/3,1.49,31,26,0,1597.33,1,58.75
2015/5/4,1.94,29,25,0,1597.33,0,58.75
2015/5/5,2.08,29,24,0,1597.33,0,58.75
2015/5/6,2.05,29,25,0,1597.33,0,58.75
2015/5/7,2.0,28,23,0,1597.33,0,58.75
2015/5/8,2.08,28,23,0,1597.33,0,58.75
2015/5/9,2.03,29,24,0,1597.33,1,58.75
2015/5/10,1.65,27,23,0,1597.33,1,58.75
2015/5/11,1.88,30,21,0,1597.33,0,58.75
2015/5/12,1.91,29,23,0,1597.33,0,58.75
2015/5/13,1.99,30,25,0,1597.33,0,58.75
2015/5/14,2.07,31,26,0,1597.33,0,58.75
2015/5/15,2.14,32,26,0,1597.33,0,58.75
2015/5/16,2.0,28,22,0,1597.33,1,58.75
2015/5/17,1.62,27,23,0,1597.33,1,58.75
2015/5/18,1.86,28,25,0,1597.33,0,58.75
2015/5/19,2.1,31,26,0,1597.33,0,58.75
2015/5/20,2.09,29,23,0,1597.33,0,58.75
2015/5/21,1.96,27,23,0,1597.33,0,58.75
2015/5/22,1.88,31,26,0,1597.33,0,58.75
2015/5/23,1.84,26,23,0,1597.33,1,58.75
2015/5/24,1.58,27,24,0,1597.33,1,58.75
2015/5/25,1.88,30,25,0,1597.33,0,58.75
2015/5/26,2.03,31,26,0,1597.33,0,58.75
2015/5/27,2.11,31,26,0,1597.33,0,58.75
2015/5/28,2.18,33,27,0,1597.33,0,58.75
2015/5/29,2.24,33,27,0,1597.33,0,58.75
2015/5/30,2.18,33,27,0,1597.33,1,58.75
2015/5/31,1.66,32,26,0,1597.33,1,58.75
2015/6/1,1.81,31,26,1,1597.33,0,64.49
2015/6/2,2.12,32,27,1,1597.33,0,64.49
2015/6/3,2.23,33,27,1,1597.33,0,64.49
2015/6/4,2.28,33,26,1,1597.33,0,64.49
2015/6/5,2.25,31,25,1,1597.33,0,64.49
2015/6/6,2.09,31,26,1,1597.33,1,64.49
2015/6/7,1.84,32,26,1,1597.33,1,64.49
2015/6/8,2.12,32,26,1,1597.33,0,64.49
2015/6/9,2.31,31,26,1,1597.33,0,64.49
2015/6/10,2.34,32,26,1,1597.33,0,64.49
2015/6/11,2.35,33,26,1,1597.33,0,64.49
2015/6/12,2.29,32,26,1,1597.33,0,64.49
2015/6/13,2.19,32,26,1,1597.33,1,64.49
2015/6/14,1.93,32,26,1,1597.33,1,64.49
2015/6/15,2.13,33,26,1,1597.33,0,64.49
2015/6/16,2.3,33,26,1,1597.33,0,64.49
2015/6/17,2.35,32,26,1,1597.33,0,64.49
2015/6/18,2.39,34,27,1,1597.33,0,64.49
2015/6/19,2.34,35,27,1,1597.33,0,64.49
2015/6/20,1.58,35,27,1,1597.33,2,64.49
2015/6/21,1.58,34,26,1,1597.33,1,64.49
2015/6/22,2.01,32,26,1,1597.33,1,64.49
2015/6/23,2.19,30,25,1,1597.33,0,64.49
2015/6/24,2.16,30,25,1,1597.33,0,64.49
2015/6/25,2.21,32,27,1,1597.33,0,64.49
2015/6/26,2.27,33,27,1,1597.33,0,64.49
2015/6/27,2.26,33,27,1,1597.33,1,64.49
2015/6/28,2.04,33,27,1,1597.33,1,64.49
2015/6/29,2.21,33,27,1,1597.33,0,64.49
2015/6/30,2.32,34,27,1,1597.33,0,64.49
2015/7/1,2.34,33,28,1,1628.56,0,68.18
2015/7/2,2.43,34,28,1,1628.56,0,68.18
2015/7/3,2.45,33,28,1,1628.56,0,68.18
2015/7/4,2.37,33,27,1,1628.56,1,68.18
2015/7/5,2.02,32,26,1,1628.56,1,68.18
2015/7/6,2.12,32,27,1,1628.56,0,68.18
2015/7/7,2.22,32,26,1,1628.56,0,68.18
2015/7/8,2.18,30,25,1,1628.56,0,68.18
2015/7/9,2.13,30,25,1,1628.56,0,68.18
2015/7/10,2.11,31,25,1,1628.56,0,68.18
2015/7/11,2.17,34,26,1,1628.56,1,68.18
2015/7/12,1.99,34,27,1,1628.56,1,68.18
2015/7/13,2.33,35,28,1,1628.56,0,68.18
2015/7/14,2.49,35,28,1,1628.56,0,68.18
2015/7/15,2.48,34,27,1,1628.56,0,68.18
2015/7/16,2.43,33,26,1,1628.56,0,68.18
2015/7/17,2.36,32,26,1,1628.56,0,68.18
2015/7/18,2.28,32,26,1,1628.56,1,68.18
2015/7/19,1.93,33,26,1,1628.56,1,68.18
2015/7/20,2.17,32,26,1,1628.56,0,68.18
2015/7/21,2.15,28,25,1,1628.56,0,68.18
2015/7/22,2.17,32,26,1,1628.56,0,68.18
2015/7/23,2.19,31,26,1,1628.56,0,68.18
2015/7/24,2.11,30,24,1,1628.56,0,68.18
2015/7/25,2.03,31,25,1,1628.56,1,68.18
2015/7/26,1.75,31,25,1,1628.56,1,68.18
2015/7/27,2.03,32,25,1,1628.56,0,68.18
2015/7/28,2.23,32,25,1,1628.56,0,68.18
2015/7/29,2.22,32,25,1,1628.56,0,68.18
2015/7/30,2.17,32,25,1,1628.56,0,68.18
2015/7/31,2.13,32,25,1,1628.56,0,68.18
2015/8/1,2.0,33,25,1,1628.56,1,67.76
2015/8/2,1.68,33,25,1,1628.56,1,67.76
2015/8/3,2.06,33,25,1,1628.56,0,67.76
2015/8/4,2.29,34,25,1,1628.56,0,67.76
2015/8/5,2.34,35,26,1,1628.56,0,67.76
2015/8/6,2.39,35,27,1,1628.56,0,67.76
2015/8/7,2.42,36,27,1,1628.56,0,67.76
2015/8/8,2.38,36,28,1,1628.56,1,67.76
2015/8/9,2.07,35,27,1,1628.56,1,67.76
2015/8/10,2.23,32,26,1,1628.56,0,67.76
2015/8/11,2.26,31,25,1,1628.56,0,67.76
2015/8/12,2.28,32,26,1,1628.56,0,67.76
2015/8/13,2.34,32,26,1,1628.56,0,67.76
2015/8/14,2.24,30,25,1,1628.56,0,67.76
2015/8/15,2.0,30,25,1,1628.56,1,67.76
2015/8/16,1.66,32,26,1,1628.56,1,67.76
2015/8/17,2.02,33,27,1,1628.56,0,67.76
2015/8/18,2.27,34,27,1,1628.56,0,67.76
2015/8/19,2.36,34,27,1,1628.56,0,67.76
2015/8/20,2.37,33,27,1,1628.56,0,67.76
2015/8/21,2.32,33,26,1,1628.56,0,67.76
2015/8/22,2.26,34,27,1,1628.56,1,67.76
2015/8/23,1.97,34,26,1,1628.56,1,67.76
2015/8/24,2.24,34,27,1,1628.56,0,67.76
2015/8/25,2.39,34,26,1,1628.56,0,67.76
2015/8/26,2.4,34,26,1,1628.56,0,67.76
2015/8/27,2.38,33,26,1,1628.56,0,67.76
2015/8/28,2.31,32,25,1,1628.56,0,67.76
2015/8/29,2.14,31,25,1,1628.56,1,67.76
2015/8/30,1.78,29,24,1,1628.56,1,67.76
2015/8/31,1.91,30,25,1,1628.56,0,67.76
2015/9/1,2.03,30,25,2,1628.56,0,61.04
2015/9/2,1.99,29,25,2,1628.56,0,61.04
2015/9/3,1.38,31,25,2,1628.56,2,61.04
2015/9/4,1.65,33,26,2,1628.56,1,61.04
2015/9/5,2.02,34,26,2,1628.56,1,61.04
2015/9/6,2.04,33,26,2,1628.56,0,61.04
2015/9/7,2.18,30,25,2,1628.56,0,61.04
2015/9/8,2.17,31,25,2,1628.56,0,61.04
2015/9/9,2.19,32,25,2,1628.56,0,61.04
2015/9/10,2.21,32,25,2,1628.56,0,61.04
2015/9/11,2.22,32,25,2,1628.56,0,61.04
2015/9/12,2.16,33,24,2,1628.56,1,61.04
2015/9/13,1.8,30,24,2,1628.56,1,61.04
2015/9/14,1.98,31,24,2,1628.56,0,61.04
2015/9/15,2.17,31,24,2,1628.56,0,61.04
2015/9/16,2.18,31,25,2,1628.56,0,61.04
2015/9/17,2.2,31,25,2,1628.56,0,61.04
2015/9/18,2.23,32,25,2,1628.56,0,61.04
2015/9/19,2.21,32,25,2,1628.56,1,61.04
2015/9/20,1.94,30,24,2,1628.56,1,61.04
2015/9/21,1.97,28,24,2,1628.56,0,61.04
2015/9/22,2.11,30,25,2,1628.56,0,61.04
2015/9/23,2.19,33,25,2,1628.56,0,61.04
2015/9/24,2.27,33,26,2,1628.56,0,61.04
2015/9/25,2.3,33,26,2,1628.56,0,61.04
2015/9/26,2.16,30,25,2,1628.56,1,61.04
2015/9/27,1.42,32,25,2,1628.56,2,61.04
2015/9/28,1.68,32,24,2,1628.56,0,61.04
2015/9/29,2.0,32,25,2,1628.56,0,61.04
2015/9/30,1.99,32,25,2,1628.56,0,61.04
2015/10/1,1.24,32,24,2,1171.27,2,55.02
2015/10/2,0.99,30,24,2,1171.27,2,55.02
2015/10/3,1.08,29,24,2,1171.27,2,55.02
2015/10/4,1.29,26,24,2,1171.27,1,55.02
2015/10/5,1.61,28,24,2,1171.27,1,55.02
2015/10/6,1.85,29,24,2,1171.27,1,55.02
2015/10/7,1.94,28,24,2,1171.27,1,55.02
2015/10/8,2.0,30,23,2,1171.27,0,55.02
2015/10/9,1.99,29,22,2,1171.27,0,55.02
2015/10/10,1.85,26,19,2,1171.27,0,55.02
2015/10/11,1.51,21,17,2,1171.27,1,55.02
2015/10/12,1.66,25,18,2,1171.27,0,55.02
2015/10/13,1.83,27,21,2,1171.27,0,55.02
2015/10/14,1.88,29,20,2,1171.27,0,55.02
2015/10/15,1.92,30,21,2,1171.27,0,55.02
2015/10/16,1.93,30,21,2,1171.27,0,55.02
2015/10/17,1.87,30,21,2,1171.27,1,55.02
2015/10/18,1.55,30,21,2,1171.27,1,55.02
2015/10/19,1.74,30,20,2,1171.27,0,55.02
2015/10/20,1.9,28,21,2,1171.27,0,55.02
2015/10/21,1.93,30,21,2,1171.27,0,55.02
2015/10/22,1.99,30,23,2,1171.27,0,55.02
2015/10/23,2.02,30,23,2,1171.27,0,55.02
2015/10/24,1.95,30,24,2,1171.27,1,55.02
2015/10/25,1.69,30,24,2,1171.27,1,55.02
2015/10/26,1.87,30,23,2,1171.27,0,55.02
2015/10/27,2.03,29,23,2,1171.27,0,55.02
2015/10/28,2.05,30,24,2,1171.27,0,55.02
2015/10/29,2.02,29,23,2,1171.27,0,55.02
2015/10/30,2.01,30,21,2,1171.27,0,55.02
2015/10/31,1.83,26,20,2,1171.27,1,55.02
2015/11/1,1.32,23,17,2,1171.27,1,52.76
2015/11/2,1.54,22,18,2,1171.27,0,52.76
2015/11/3,1.77,25,21,2,1171.27,0,52.76
2015/11/4,1.82,27,22,2,1171.27,0,52.76
2015/11/5,1.89,29,24,2,1171.27,0,52.76
2015/11/6,1.95,29,24,2,1171.27,0,52.76
2015/11/7,1.9,28,24,2,1171.27,1,52.76
2015/11/8,1.62,30,23,2,1171.27,1,52.76
2015/11/9,1.86,30,22,2,1171.27,0,52.76
2015/11/10,1.88,26,21,2,1171.27,0,52.76
2015/11/11,1.88,25,21,2,1171.27,0,52.76
2015/11/12,1.89,27,22,2,1171.27,0,52.76
2015/11/13,1.86,20,18,2,1171.27,0,52.76
2015/11/14,1.75,24,19,2,1171.27,1,52.76
2015/11/15,1.45,25,22,2,1171.27,1,52.76
2015/11/16,1.68,29,23,2,1171.27,0,52.76
2015/11/17,1.92,29,23,2,1171.27,0,52.76
2015/11/18,1.97,31,22,2,1171.27,0,52.76
2015/11/19,1.97,30,23,2,1171.27,0,52.76
2015/11/20,1.97,29,23,2,1171.27,0,52.76
2015/11/21,1.84,27,22,2,1171.27,1,52.76
2015/11/22,1.54,29,22,2,1171.27,1,52.76
2015/11/23,1.74,28,21,2,1171.27,0,52.76
2015/11/24,1.86,27,18,2,1171.27,0,52.76
2015/11/25,1.83,23,13,2,1171.27,0,52.76
2015/11/26,1.75,20,11,2,1171.27,0,52.76
2015/11/27,1.74,20,13,2,1171.27,0,52.76
2015/11/28,1.67,21,15,2,1171.27,1,52.76
2015/11/29,1.37,24,17,2,1171.27,1,52.76
2015/11/30,1.53,24,18,2,1171.27,0,52.76
2015/12/1,1.69,24,20,3,1171.27,0,51.95
2015/12/2,1.76,27,16,3,1171.27,0,51.95
2015/12/3,1.77,16,15,3,1171.27,0,51.95
2015/12/4,1.76,18,15,3,1171.27,0,51.95
2015/12/5,1.7,18,12,3,1171.27,1,51.95
2015/12/6,1.41,16,11,3,1171.27,1,51.95
2015/12/7,1.6,17,12,3,1171.27,0,51.95
2015/12/8,1.75,19,14,3,1171.27,0,51.95
2015/12/9,1.76,15,13,3,1171.27,0,51.95
2015/12/10,1.75,20,14,3,1171.27,0,51.95
2015/12/11,1.76,20,16,3,1171.27,0,51.95
2015/12/12,1.69,19,16,3,1171.27,1,51.95
2015/12/13,1.42,22,17,3,1171.27,1,51.95
2015/12/14,1.59,18,13,3,1171.27,0,51.95
2015/12/15,1.74,19,11,3,1171.27,0,51.95
2015/12/16,1.73,16,8,3,1171.27,0,51.95
2015/12/17,1.75,15,8,3,1171.27,0,51.95
2015/12/18,1.76,15,9,3,1171.27,0,51.95
2015/12/19,1.7,17,12,3,1171.27,1,51.95
2015/12/20,1.46,19,15,3,1171.27,1,51.95
2015/12/21,1.62,18,14,3,1171.27,0,51.95
2015/12/22,1.76,21,18,3,1171.27,0,51.95
2015/12/23,1.77,23,19,3,1171.27,0,51.95
2015/12/24,1.78,25,15,3,1171.27,0,51.95
2015/12/25,1.76,18,13,3,1171.27,0,51.95
2015/12/26,1.7,16,12,3,1171.27,1,51.95
2015/12/27,1.5,14,12,3,1171.27,1,51.95
2015/12/28,1.61,18,12,3,1171.27,0,51.95
2015/12/29,1.71,17,12,3,1171.27,0,51.95
2015/12/30,1.66,16,13,3,1171.27,0,51.95
2015/12/31,1.53,19,13,3,1171.27,1,51.95
2016/1/1,0.91,20,15,3,1497.96,2,48.45
2016/1/2,1.03,22,15,3,1497.96,1,48.45
2016/1/3,1.36,23,19,3,1497.96,1,48.45
2016/1/4,1.61,23,18,3,1497.96,0,48.45
2016/1/5,1.74,21,16,3,1497.96,0,48.45
2016/1/6,1.75,23,13,3,1497.96,0,48.45
2016/1/7,1.74,20,14,3,1497.96,0,48.45
2016/1/8,1.75,21,14,3,1497.96,0,48.45
2016/1/9,1.71,20,14,3,1497.96,1,48.45
2016/1/10,1.52,19,15,3,1497.96,1,48.45
2016/1/11,1.63,19,14,3,1497.96,0,48.45
2016/1/12,1.74,17,12,3,1497.96,0,48.45
2016/1/13,1.73,18,11,3,1497.96,0,48.45
2016/1/14,1.75,17,12,3,1497.96,0,48.45
2016/1/15,1.75,13,12,3,1497.96,0,48.45
2016/1/16,1.69,15,13,3,1497.96,1,48.45
2016/1/17,1.48,18,10,3,1497.96,1,48.45
2016/1/18,1.59,17,11,3,1497.96,0,48.45
2016/1/19,1.7,16,13,3,1497.96,0,48.45
2016/1/20,1.69,14,13,3,1497.96,0,48.45
2016/1/21,1.7,14,11,3,1497.96,0,48.45
2016/1/22,1.7,10,6,3,1497.96,0,48.45
2016/1/23,1.66,6,3,3,1497.96,1,48.45
2016/1/24,1.53,4,0,3,1497.96,1,48.45
2016/1/25,1.59,9,2,3,1497.96,0,48.45
2016/1/26,1.65,11,6,3,1497.96,0,48.45
2016/1/27,1.6,10,7,3,1497.96,0,48.45
2016/1/28,1.52,15,12,3,1497.96,0,48.45
2016/1/29,1.39,18,15,3,1497.96,0,48.45
2016/1/30,1.22,19,12,3,1497.96,1,48.45
2016/1/31,1.02,16,10,3,1497.96,1,48.45
2016/2/1,0.97,9,6,3,1497.96,0,27.65
2016/2/2,0.92,10,6,3,1497.96,0,27.65
2016/2/3,0.82,12,8,3,1497.96,0,27.65
2016/2/4,0.7,17,9,3,1497.96,0,27.65
2016/2/5,0.6,17,7,3,1497.96,0,27.65
2016/2/6,0.52,18,6,3,1497.96,0,27.65
2016/2/7,0.45,17,9,3,1497.96,1,27.65
2016/2/8,0.4,20,8,3,1497.96,2,27.65
2016/2/9,0.39,21,11,3,1497.96,2,27.65
2016/2/10,0.4,21,15,3,1497.96,2,27.65
2016/2/11,0.43,23,17,3,1497.96,1,27.65
2016/2/12,0.48,25,18,3,1497.96,1,27.65
2016/2/13,0.53,26,19,3,1497.96,1,27.65
2016/2/14,0.58,20,10,3,1497.96,0,27.65
2016/2/15,0.77,13,9,3,1497.96,0,27.65
2016/2/16,0.97,14,8,3,1497.96,0,27.65
2016/2/17,1.08,15,11,3,1497.96,0,27.65
2016/2/18,1.19,15,11,3,1497.96,0,27.65
2016/2/19,1.28,16,12,3,1497.96,0,27.65
2016/2/20,1.28,18,11,3,1497.96,1,27.65
2016/2/21,1.18,17,14,3,1497.96,1,27.65
2016/2/22,1.29,17,12,3,1497.96,0,27.65
2016/2/23,1.42,13,10,3,1497.96,0,27.65
2016/2/24,1.51,13,10,3,1497.96,0,27.65
2016/2/25,1.56,15,12,3,1497.96,0,27.65
2016/2/26,1.59,14,11,3,1497.96,0,27.65
2016/2/27,1.55,18,11,3,1497.96,1,27.65
2016/2/28,1.34,21,10,3,1497.96,1,27.65
2016/2/29,1.45,23,12,3,1497.96,0,27.65
2016/3/1,1.58,23,13,0,1497.96,0,52.26
2016/3/2,1.63,24,12,0,1497.96,0,52.26
2016/3/3,1.66,24,14,0,1497.96,0,52.26
2016/3/4,1.69,25,16,0,1497.96,0,52.26
2016/3/5,1.65,25,18,0,1497.96,1,52.26
2016/3/6,1.4,25,19,0,1497.96,1,52.26
2016/3/7,1.58,26,19,0,1497.96,0,52.26
2016/3/8,1.72,25,19,0,1497.96,0,52.26
2016/3/9,1.74,21,10,0,1497.96,0,52.26
2016/3/10,1.74,11,8,0,1497.96,0,52.26
2016/3/11,1.76,10,8,0,1497.96,0,52.26
2016/3/12,1.72,12,10,0,1497.96,1,52.26
2016/3/13,1.45,14,12,0,1497.96,1,52.26
2016/3/14,1.61,17,12,0,1497.96,0,52.26
2016/3/15,1.77,16,13,0,1497.96,0,52.26
2016/3/16,1.77,16,13,0,1497.96,0,52.26
2016/3/17,1.78,18,15,0,1497.96,0,52.26
2016/3/18,1.8,22,19,0,1497.96,0,52.26
2016/3/19,1.78,25,20,0,1497.96,1,52.26
2016/3/20,1.48,23,20,0,1497.96,1,52.26
2016/3/21,1.64,20,17,0,1497.96,0,52.26
2016/3/22,1.8,19,17,0,1497.96,0,52.26
2016/3/23,1.82,19,14,0,1497.96,0,52.26
2016/3/24,1.81,15,11,0,1497.96,0,52.26
2016/3/25,1.79,16,10,0,1497.96,0,52.26
2016/3/26,1.72,20,11,0,1497.96,1,52.26
2016/3/27,1.45,22,12,0,1497.96,1,52.26
2016/3/28,1.62,22,14,0,1497.96,0,52.26
2016/3/29,1.77,23,16,0,1497.96,0,52.26
2016/3/30,1.78,24,18,0,1497.96,0,52.26
2016/3/31,1.75,25,19,0,1497.96,0,52.26
2016/4/1,1.75,28,20,0,1655.96,0,52.68
2016/4/2,1.65,26,20,0,1655.96,1,52.68
2016/4/3,1.32,27,21,0,1655.96,1,52.68
2016/4/4,0.94,27,21,0,1655.96,2,52.68
2016/4/5,1.42,28,21,0,1655.96,0,52.68
2016/4/6,1.82,28,21,0,1655.96,0,52.68
2016/4/7,1.88,29,22,0,1655.96,0,52.68
2016/4/8,1.92,28,22,0,1655.96,0,52.68
2016/4/9,1.88,27,22,0,1655.96,1,52.68
2016/4/10,1.57,24,20,0,1655.96,1,52.68
2016/4/11,1.71,26,22,0,1655.96,0,52.68
2016/4/12,1.84,25,21,0,1655.96,0,52.68
2016/4/13,1.81,25,21,0,1655.96,0,52.68
2016/4/14,1.87,25,22,0,1655.96,0,52.68
2016/4/15,1.89,27,23,0,1655.96,0,52.68
2016/4/16,1.82,27,22,0,1655.96,1,52.68
2016/4/17,1.54,28,21,0,1655.96,1,52.68
2016/4/18,1.69,23,18,0,1655.96,0,52.68
2016/4/19,1.85,25,21,0,1655.96,0,52.68
2016/4/20,1.87,25,21,0,1655.96,0,52.68
2016/4/21,1.89,25,21,0,1655.96,0,52.68
2016/4/22,1.89,25,20,0,1655.96,0,52.68
2016/4/23,1.85,25,21,0,1655.96,1,52.68
2016/4/24,1.59,26,21,0,1655.96,1,52.68
2016/4/25,1.79,27,23,0,1655.96,0,52.68
2016/4/26,2.0,28,23,0,1655.96,0,52.68
2016/4/27,2.01,28,22,0,1655.96,0,52.68
2016/4/28,2.01,30,23,0,1655.96,0,52.68
2016/4/29,1.97,29,22,0,1655.96,0,52.68
2016/4/30,1.64,25,22,0,1655.96,1,52.68
2016/5/1,0.96,27,22,0,1655.96,2,60.3
2016/5/2,1.07,29,23,0,1655.96,1,60.3
2016/5/3,1.71,29,25,0,1655.96,0,60.3
2016/5/4,1.93,29,23,0,1655.96,0,60.3
2016/5/5,2.06,31,25,0,1655.96,0,60.3
2016/5/6,2.14,32,26,0,1655.96,0,60.3
2016/5/7,2.03,31,25,0,1655.96,1,60.3
2016/5/8,1.82,32,25,0,1655.96,1,60.3
2016/5/9,2.05,32,26,0,1655.96,0,60.3
2016/5/10,2.12,26,22,0,1655.96,0,60.3
2016/5/11,2.02,30,21,0,1655.96,0,60.3
2016/5/12,2.07,30,23,0,1655.96,0,60.3
2016/5/13,2.11,31,24,0,1655.96,0,60.3
2016/5/14,2.04,30,24,0,1655.96,1,60.3
2016/5/15,1.7,32,23,0,1655.96,1,60.3
2016/5/16,1.78,28,20,0,1655.96,0,60.3
2016/5/17,1.97,27,21,0,1655.96,0,60.3
2016/5/18,2.0,29,23,0,1655.96,0,60.3
2016/5/19,2.05,29,23,0,1655.96,0,60.3
2016/5/20,2.06,28,22,0,1655.96,0,60.3
2016/5/21,1.96,27,22,0,1655.96,1,60.3
2016/5/22,1.67,29,23,0,1655.96,1,60.3
2016/5/23,1.94,31,23,0,1655.96,0,60.3
2016/5/24,2.18,32,25,0,1655.96,0,60.3
2016/5/25,2.23,33,26,0,1655.96,0,60.3
2016/5/26,2.24,32,26,0,1655.96,0,60.3
2016/5/27,2.25,30,25,0,1655.96,0,60.3
2016/5/28,2.07,30,24,0,1655.96,1,60.3
2016/5/29,1.75,31,26,0,1655.96,1,60.3
2016/5/30,2.05,32,26,0,1655.96,0,60.3
2016/5/31,2.27,34,27,0,1655.96,0,60.3
2016/6/1,2.3,33,27,1,1655.96,0,66.36
2016/6/2,2.41,34,27,1,1655.96,0,66.36
2016/6/3,2.48,34,27,1,1655.96,0,66.36
2016/6/4,2.28,33,24,1,1655.96,1,66.36
2016/6/5,1.79,29,24,1,1655.96,1,66.36
2016/6/6,1.95,29,23,1,1655.96,0,66.36
2016/6/7,2.21,32,25,1,1655.96,0,66.36
2016/6/8,2.17,30,25,1,1655.96,0,66.36
2016/6/9,1.38,31,25,1,1655.96,2,66.36
2016/6/10,1.6,32,25,1,1655.96,1,66.36
2016/6/11,1.92,30,25,1,1655.96,1,66.36
2016/6/12,1.93,29,25,1,1655.96,0,66.36
2016/6/13,2.14,31,25,1,1655.96,0,66.36
2016/6/14,2.3,32,26,1,1655.96,0,66.36
2016/6/15,2.34,32,26,1,1655.96,0,66.36
2016/6/16,2.3,30,26,1,1655.96,0,66.36
2016/6/17,2.28,32,26,1,1655.96,0,66.36
2016/6/18,2.3,33,27,1,1655.96,1,66.36
2016/6/19,2.0,33,27,1,1655.96,1,66.36
2016/6/20,2.28,34,26,1,1655.96,0,66.36
2016/6/21,2.47,35,27,1,1655.96,0,66.36
2016/6/22,2.49,34,27,1,1655.96,0,66.36
2016/6/23,2.5,34,27,1,1655.96,0,66.36
2016/6/24,2.52,35,27,1,1655.96,0,66.36
2016/6/25,2.45,35,27,1,1655.96,1,66.36
2016/6/26,2.11,35,27,1,1655.96,1,66.36
2016/6/27,2.34,33,25,1,1655.96,0,66.36
2016/6/28,2.43,33,26,1,1655.96,0,66.36
2016/6/29,2.37,32,26,1,1655.96,0,66.36
2016/6/30,2.32,32,26,1,1655.96,0,66.36
2016/7/1,2.31,32,26,1,1762.06,0,73.06
2016/7/2,2.28,32,26,1,1762.06,1,73.06
2016/7/3,1.95,32,26,1,1762.06,1,73.06
2016/7/4,2.21,32,26,1,1762.06,0,73.06
2016/7/5,2.34,32,26,1,1762.06,0,73.06
2016/7/6,2.36,34,26,1,1762.06,0,73.06
2016/7/7,2.41,36,27,1,1762.06,0,73.06
2016/7/8,2.52,36,28,1,1762.06,0,73.06
2016/7/9,2.54,31,24,1,1762.06,1,73.06
2016/7/10,2.06,33,25,1,1762.06,1,73.06
2016/7/11,2.19,32,25,1,1762.06,0,73.06
2016/7/12,2.27,31,25,1,1762.06,0,73.06
2016/7/13,2.25,33,26,1,1762.06,0,73.06
2016/7/14,2.33,33,26,1,1762.06,0,73.06
2016/7/15,2.36,34,27,1,1762.06,0,73.06
2016/7/16,2.35,34,27,1,1762.06,1,73.06
2016/7/17,2.06,34,28,1,1762.06,1,73.06
2016/7/18,2.34,32,27,1,1762.06,0,73.06
2016/7/19,2.48,33,26,1,1762.06,0,73.06
2016/7/20,2.46,34,27,1,1762.06,0,73.06
2016/7/21,2.48,35,27,1,1762.06,0,73.06
2016/7/22,2.51,36,27,1,1762.06,0,73.06
2016/7/23,2.47,36,27,1,1762.06,1,73.06
2016/7/24,2.16,36,28,1,1762.06,1,73.06
2016/7/25,2.46,35,27,1,1762.06,0,73.06
2016/7/26,2.62,33,27,1,1762.06,0,73.06
2016/7/27,2.6,35,27,1,1762.06,0,73.06
2016/7/28,2.6,36,27,1,1762.06,0,73.06
2016/7/29,2.61,36,27,1,1762.06,0,73.06
2016/7/30,2.51,36,26,1,1762.06,1,73.06
2016/7/31,1.97,35,26,1,1762.06,1,73.06
2016/8/1,2.28,28,24,1,1762.06,0,70.03
2016/8/2,1.96,30,24,1,1762.06,0,70.03
2016/8/3,2.15,32,25,1,1762.06,0,70.03
2016/8/4,2.26,33,26,1,1762.06,0,70.03
2016/8/5,2.29,35,27,1,1762.06,0,70.03
2016/8/6,2.35,35,27,1,1762.06,1,70.03
2016/8/7,2.16,34,27,1,1762.06,1,70.03
2016/8/8,2.41,31,26,1,1762.06,0,70.03
2016/8/9,2.5,31,25,1,1762.06,0,70.03
2016/8/10,2.32,31,25,1,1762.06,0,70.03
2016/8/11,2.33,29,25,1,1762.06,0,70.03
2016/8/12,2.35,31,26,1,1762.06,0,70.03
2016/8/13,2.25,31,26,1,1762.06,1,70.03
2016/8/14,1.9,31,25,1,1762.06,1,70.03
2016/8/15,2.09,30,25,1,1762.06,0,70.03
2016/8/16,2.23,29,25,1,1762.06,0,70.03
2016/8/17,2.2,28,25,1,1762.06,0,70.03
2016/8/18,2.2,32,26,1,1762.06,0,70.03
2016/8/19,2.27,34,26,1,1762.06,0,70.03
2016/8/20,2.31,32,26,1,1762.06,1,70.03
2016/8/21,2.03,35,26,1,1762.06,1,70.03
2016/8/22,2.28,35,26,1,1762.06,0,70.03
2016/8/23,2.49,35,27,1,1762.06,0,70.03
2016/8/24,2.52,35,27,1,1762.06,0,70.03
2016/8/25,2.5,34,26,1,1762.06,0,70.03
2016/8/26,2.57,31,24,1,1762.06,0,70.03
2016/8/27,2.35,33,26,1,1762.06,1,70.03
2016/8/28,1.97,31,26,1,1762.06,1,70.03
2016/8/29,2.07,30,25,1,1762.06,0,70.03
2016/8/30,2.19,33,25,1,1762.06,0,70.03
2016/8/31,2.25,32,25,2,1762.06,0,70.03
2016/9/1,2.3,30,25,2,1762.06,0,65.51
2016/9/2,2.3,30,25,2,1762.06,0,65.51
2016/9/3,2.2,31,25,2,1762.06,1,65.51
2016/9/4,1.88,33,25,2,1762.06,1,65.51
2016/9/5,2.11,32,26,2,1762.06,0,65.51
2016/9/6,2.29,30,25,2,1762.06,0,65.51
2016/9/7,2.3,31,25,2,1762.06,0,65.51
2016/9/8,2.29,31,26,2,1762.06,0,65.51
2016/9/9,2.27,30,25,2,1762.06,0,65.51
2016/9/10,2.2,31,25,2,1762.06,1,65.51
2016/9/11,1.93,32,25,2,1762.06,1,65.51
2016/9/12,2.14,34,25,2,1762.06,0,65.51
2016/9/13,2.33,33,25,2,1762.06,0,65.51
2016/9/14,2.29,34,26,2,1762.06,0,65.51
2016/9/15,1.47,33,26,2,1762.06,2,65.51
2016/9/16,1.66,33,26,2,1762.06,1,65.51
2016/9/17,2.11,32,26,2,1762.06,1,65.51
2016/9/18,2.14,32,25,2,1762.06,0,65.51
2016/9/19,2.27,31,23,2,1762.06,0,65.51
2016/9/20,2.29,31,24,2,1762.06,0,65.51
2016/9/21,2.28,32,25,2,1762.06,0,65.51
2016/9/22,2.32,32,25,2,1762.06,0,65.51
2016/9/23,2.33,32,25,2,1762.06,0,65.51
2016/9/24,2.3,33,26,2,1762.06,1,65.51
2016/9/25,2.1,35,26,2,1762.06,1,65.51
2016/9/26,2.32,34,26,2,1762.06,0,65.51
2016/9/27,2.51,32,24,2,1762.06,0,65.51
2016/9/28,2.49,28,24,2,1762.06,0,65.51
2016/9/29,2.22,24,20,2,1762.06,0,65.51
2016/9/30,1.87,28,21,2,1762.06,0,65.51
2016/10/1,1.07,31,23,2,1191.69,2,60.32
2016/10/2,0.94,32,24,2,1191.69,2,60.32
2016/10/3,1.19,32,24,2,1191.69,2,60.32
2016/10/4,1.62,33,25,2,1191.69,1,60.32
2016/10/5,1.95,32,25,2,1191.69,1,60.32
2016/10/6,2.12,32,25,2,1191.69,1,60.32
2016/10/7,2.23,31,25,2,1191.69,1,60.32
2016/10/8,2.23,29,23,2,1191.69,0,60.32
2016/10/9,1.93,28,22,2,1191.69,0,60.32
2016/10/10,1.97,26,20,2,1191.69,0,60.32
2016/10/11,2.02,25,20,2,1191.69,0,60.32
2016/10/12,1.99,29,22,2,1191.69,0,60.32
2016/10/13,2.02,30,22,2,1191.69,0,60.32
2016/10/14,2.11,31,22,2,1191.69,0,60.32
2016/10/15,2.08,31,23,2,1191.69,1,60.32
2016/10/16,1.81,30,22,2,1191.69,1,60.32
2016/10/17,2.05,26,22,2,1191.69,0,60.32
2016/10/18,2.15,25,22,2,1191.69,0,60.32
2016/10/19,2.08,30,23,2,1191.69,0,60.32
2016/10/20,2.13,26,23,2,1191.69,0,60.32
2016/10/21,2.08,31,24,2,1191.69,0,60.32
2016/10/22,2.04,31,25,2,1191.69,1,60.32
2016/10/23,1.87,30,25,2,1191.69,1,60.32
2016/10/24,2.07,31,25,2,1191.69,0,60.32
2016/10/25,2.23,32,25,2,1191.69,0,60.32
2016/10/26,2.24,32,25,2,1191.69,0,60.32
2016/10/27,2.25,32,24,2,1191.69,0,60.32
2016/10/28,2.28,28,20,2,1191.69,0,60.32
2016/10/29,2.17,25,19,2,1191.69,1,60.32
2016/10/30,1.63,26,19,2,1191.69,1,60.32
2016/10/31,1.77,26,19,2,1191.69,0,60.32
2016/11/1,1.88,25,17,2,1191.69,0,56.62
2016/11/2,1.91,26,17,2,1191.69,0,56.62
2016/11/3,1.91,25,17,2,1191.69,0,56.62
2016/11/4,1.92,27,18,2,1191.69,0,56.62
2016/11/5,1.89,28,20,2,1191.69,1,56.62
2016/11/6,1.63,28,21,2,1191.69,1,56.62
2016/11/7,1.85,26,17,2,1191.69,0,56.62
2016/11/8,2.03,20,17,2,1191.69,0,56.62
2016/11/9,1.93,16,13,2,1191.69,0,56.62
2016/11/10,1.91,17,12,2,1191.69,0,56.62
2016/11/11,1.9,20,15,2,1191.69,0,56.62
2016/11/12,1.86,28,21,2,1191.69,1,56.62
2016/11/13,1.61,30,21,2,1191.69,1,56.62
2016/11/14,1.84,30,21,2,1191.69,0,56.62
2016/11/15,2.04,29,22,2,1191.69,0,56.62
2016/11/16,2.05,28,22,2,1191.69,0,56.62
2016/11/17,2.04,29,21,2,1191.69,0,56.62
2016/11/18,2.04,28,23,2,1191.69,0,56.62
2016/11/19,2.01,28,22,2,1191.69,1,56.62
2016/11/20,1.74,28,23,2,1191.69,1,56.62
2016/11/21,1.93,24,21,2,1191.69,0,56.62
2016/11/22,2.03,21,11,2,1191.69,0,56.62
2016/11/23,1.95,15,11,2,1191.69,0,56.62
2016/11/24,1.91,15,12,2,1191.69,0,56.62
2016/11/25,1.9,14,12,2,1191.69,0,56.62
2016/11/26,1.86,17,12,2,1191.69,1,56.62
2016/11/27,1.58,19,11,2,1191.69,1,56.62
2016/11/28,1.74,20,14,2,1191.69,0,56.62
2016/11/29,1.89,20,13,2,1191.69,0,56.62
2016/11/30,1.84,21,13,3,1191.69,0,56.62
2016/12/1,1.81,20,15,3,1191.69,0,56.2
2016/12/2,1.86,21,17,3,1191.69,0,56.2
2016/12/3,1.84,23,18,3,1191.69,1,56.2
2016/12/4,1.56,25,18,3,1191.69,1,56.2
2016/12/5,1.76,19,13,3,1191.69,0,56.2
2016/12/6,1.9,22,14,3,1191.69,0,56.2
2016/12/7,1.88,23,13,3,1191.69,0,56.2
2016/12/8,1.89,23,13,3,1191.69,0,56.2
2016/12/9,1.89,24,14,3,1191.69,0,56.2
2016/12/10,1.84,23,17,3,1191.69,1,56.2
2016/12/11,1.6,24,17,3,1191.69,1,56.2
2016/12/12,1.74,25,17,3,1191.69,0,56.2
2016/12/13,1.91,21,15,3,1191.69,0,56.2
2016/12/14,1.91,19,11,3,1191.69,0,56.2
2016/12/15,1.89,17,10,3,1191.69,0,56.2
2016/12/16,1.87,18,10,3,1191.69,0,56.2
2016/12/17,1.84,22,15,3,1191.69,1,56.2
2016/12/18,1.61,24,16,3,1191.69,1,56.2
2016/12/19,1.76,25,17,3,1191.69,0,56.2
2016/12/20,1.88,26,17,3,1191.69,0,56.2
2016/12/21,1.9,20,17,3,1191.69,0,56.2
2016/12/22,1.91,21,13,3,1191.69,0,56.2
2016/12/23,1.9,19,15,3,1191.69,0,56.2
2016/12/24,1.87,23,17,3,1191.69,1,56.2
2016/12/25,1.66,25,12,3,1191.69,1,56.2
2016/12/26,1.78,17,8,3,1191.69,0,56.2
2016/12/27,1.88,15,9,3,1191.69,0,56.2
2016/12/28,1.88,16,10,3,1191.69,0,56.2
2016/12/29,1.86,17,11,3,1191.69,0,56.2
2016/12/30,1.79,20,12,3,1191.69,0,56.2
2016/12/31,1.53,23,15,3,1191.69,1,56.2
2017/1/1,0.93,25,16,3,1638.41,2,38.97
2017/1/2,1.43,26,16,3,1638.41,1,38.97
2017/1/3,1.8,26,17,3,1638.41,0,38.97
2017/1/4,1.87,26,18,3,1638.41,0,38.97
2017/1/5,1.88,26,18,3,1638.41,0,38.97
2017/1/6,1.87,26,18,3,1638.41,0,38.97
2017/1/7,1.84,24,15,3,1638.41,1,38.97
2017/1/8,1.64,23,15,3,1638.41,1,38.97
2017/1/9,1.79,22,16,3,1638.41,0,38.97
2017/1/10,1.83,21,14,3,1638.41,0,38.97
2017/1/11,1.81,16,13,3,1638.41,0,38.97
2017/1/12,1.8,13,11,3,1638.41,0,38.97
2017/1/13,1.77,13,11,3,1638.41,0,38.97
2017/1/14,1.68,13,11,3,1638.41,1,38.97
2017/1/15,1.5,15,12,3,1638.41,1,38.97
2017/1/16,1.58,16,13,3,1638.41,0,38.97
2017/1/17,1.54,20,16,3,1638.41,0,38.97
2017/1/18,1.45,19,15,3,1638.41,0,38.97
2017/1/19,1.33,19,13,3,1638.41,0,38.97
2017/1/20,1.15,20,9,3,1638.41,0,38.97
2017/1/21,0.98,20,10,3,1638.41,1,38.97
2017/1/22,0.84,20,12,3,1638.41,0,38.97
2017/1/23,0.77,18,14,3,1638.41,0,38.97
2017/1/24,0.68,21,14,3,1638.41,0,38.97
2017/1/25,0.59,21,12,3,1638.41,0,38.97
2017/1/26,0.51,21,12,3,1638.41,0,38.97
2017/1/27,0.43,23,16,3,1638.41,1,38.97
2017/1/28,0.39,23,16,3,1638.41,2,38.97
2017/1/29,0.41,22,16,3,1638.41,2,38.97
2017/1/30,0.42,18,14,3,1638.41,2,38.97
2017/1/31,0.46,23,13,3,1638.41,1,38.97
2017/2/1,0.51,22,15,3,1638.41,1,40.35
2017/2/2,0.58,19,15,3,1638.41,1,40.35
2017/2/3,0.64,21,15,3,1638.41,0,40.35
2017/2/4,0.77,24,15,3,1638.41,0,40.35
2017/2/5,0.85,24,17,3,1638.41,1,40.35
2017/2/6,1.1,19,16,3,1638.41,0,40.35
2017/2/7,1.26,20,9,3,1638.41,0,40.35
2017/2/8,1.37,17,8,3,1638.41,0,40.35
2017/2/9,1.44,16,8,3,1638.41,0,40.35
2017/2/10,1.5,15,8,3,1638.41,0,40.35
2017/2/11,1.38,18,8,3,1638.41,1,40.35
2017/2/12,1.29,20,10,3,1638.41,1,40.35
2017/2/13,1.56,22,11,3,1638.41,0,40.35
2017/2/14,1.65,23,13,3,1638.41,0,40.35
2017/2/15,1.69,25,14,3,1638.41,0,40.35
2017/2/16,1.72,25,15,3,1638.41,0,40.35
2017/2/17,1.75,27,15,3,1638.41,0,40.35
2017/2/18,1.71,25,17,3,1638.41,1,40.35
2017/2/19,1.46,24,17,3,1638.41,1,40.35
2017/2/20,1.73,24,18,3,1638.41,0,40.35
2017/2/21,1.83,24,18,3,1638.41,0,40.35
2017/2/22,1.84,14,10,3,1638.41,0,40.35
2017/2/23,1.85,10,8,3,1638.41,0,40.35
2017/2/24,1.88,10,7,3,1638.41,0,40.35
2017/2/25,1.84,13,9,3,1638.41,1,40.35
2017/2/26,1.55,20,14,3,1638.41,1,40.35
2017/2/27,1.78,22,15,3,1638.41,0,40.35
2017/2/28,1.82,21,15,0,1638.41,0,40.35
2017/3/1,1.81,21,13,0,1638.41,0,57.54
2017/3/2,1.86,23,14,0,1638.41,0,57.54
2017/3/3,1.88,20,15,0,1638.41,0,57.54
2017/3/4,1.81,17,14,0,1638.41,1,57.54
2017/3/5,1.47,17,13,0,1638.41,1,57.54
2017/3/6,1.8,18,14,0,1638.41,0,57.54
2017/3/7,1.91,19,15,0,1638.41,0,57.54
2017/3/8,1.9,21,16,0,1638.41,0,57.54
2017/3/9,1.93,23,17,0,1638.41,0,57.54
2017/3/10,1.93,25,18,0,1638.41,0,57.54
2017/3/11,1.87,17,13,0,1638.41,1,57.54
2017/3/12,1.55,17,14,0,1638.41,1,57.54
2017/3/13,1.86,21,16,0,1638.41,0,57.54
2017/3/14,1.94,19,16,0,1638.41,0,57.54
2017/3/15,1.92,23,18,0,1638.41,0,57.54
2017/3/16,1.92,21,20,0,1638.41,0,57.54
2017/3/17,1.94,25,19,0,1638.41,0,57.54
2017/3/18,1.87,25,20,0,1638.41,1,57.54
2017/3/19,1.54,22,19,0,1638.41,1,57.54
2017/3/20,1.86,25,19,0,1638.41,0,57.54
2017/3/21,1.99,25,19,0,1638.41,0,57.54
2017/3/22,1.96,18,14,0,1638.41,0,57.54
2017/3/23,1.97,13,11,0,1638.41,0,57.54
2017/3/24,1.99,24,15,0,1638.41,0,57.54
2017/3/25,1.88,25,17,0,1638.41,1,57.54
2017/3/26,1.55,26,17,0,1638.41,1,57.54
2017/3/27,1.84,27,21,0,1638.41,0,57.54
2017/3/28,1.93,20,14,0,1638.41,0,57.54
2017/3/29,1.97,23,13,0,1638.41,0,57.54
2017/3/30,1.98,25,14,0,1638.41,0,57.54
2017/3/31,1.91,25,15,0,1638.41,0,57.54
2017/4/1,1.8,26,19,0,1886.98,0,56.29
2017/4/2,1.6,27,19,0,1886.98,1,56.29
2017/4/3,1.37,25,20,0,1886.98,1,56.29
2017/4/4,0.93,27,21,0,1886.98,2,56.29
2017/4/5,1.65,28,22,0,1886.98,0,56.29
2017/4/6,1.95,28,23,0,1886.98,0,56.29
2017/4/7,2.0,29,23,0,1886.98,0,56.29
2017/4/8,1.98,26,19,0,1886.98,1,56.29
2017/4/9,1.73,21,17,0,1886.98,1,56.29
2017/4/10,2.04,20,17,0,1886.98,0,56.29
2017/4/11,2.13,23,17,0,1886.98,0,56.29
2017/4/12,1.98,27,21,0,1886.98,0,56.29
2017/4/13,1.96,29,22,0,1886.98,0,56.29
2017/4/14,1.98,31,22,0,1886.98,0,56.29
2017/4/15,1.94,31,22,0,1886.98,1,56.29
2017/4/16,1.6,32,24,0,1886.98,1,56.29
2017/4/17,2.02,28,23,0,1886.98,0,56.29
2017/4/18,2.21,28,19,0,1886.98,0,56.29
2017/4/19,2.25,23,17,0,1886.98,0,56.29
2017/4/20,2.24,24,17,0,1886.98,0,56.29
2017/4/21,2.21,25,20,0,1886.98,0,56.29
2017/4/22,1.94,24,20,0,1886.98,1,56.29
2017/4/23,1.64,26,22,0,1886.98,1,56.29
2017/4/24,1.91,24,20,0,1886.98,0,56.29
2017/4/25,2.01,27,17,0,1886.98,0,56.29
2017/4/26,2.07,28,18,0,1886.98,0,56.29
2017/4/27,2.01,29,20,0,1886.98,0,56.29
2017/4/28,1.96,29,20,0,1886.98,0,56.29
2017/4/29,1.82,29,24,0,1886.98,1,56.29
2017/4/30,1.36,30,24,0,1886.98,1,56.29
2017/5/1,0.94,26,21,0,1886.98,2,63.08
2017/5/2,1.77,29,22,0,1886.98,0,63.08
2017/5/3,2.17,30,24,0,1886.98,0,63.08
2017/5/4,2.14,31,24,0,1886.98,0,63.08
2017/5/5,2.18,29,23,0,1886.98,0,63.08
2017/5/6,2.19,28,22,0,1886.98,1,63.08
2017/5/7,1.86,32,24,0,1886.98,1,63.08
2017/5/8,2.13,32,24,0,1886.98,0,63.08
2017/5/9,2.18,30,24,0,1886.98,0,63.08
2017/5/10,2.27,28,23,0,1886.98,0,63.08
2017/5/11,2.31,29,23,0,1886.98,0,63.08
2017/5/12,2.3,27,22,0,1886.98,0,63.08
2017/5/13,2.15,29,21,0,1886.98,1,63.08
2017/5/14,1.77,30,22,0,1886.98,1,63.08
2017/5/15,2.13,28,23,0,1886.98,0,63.08
2017/5/16,2.14,28,23,0,1886.98,0,63.08
2017/5/17,2.2,28,23,0,1886.98,0,63.08
2017/5/18,2.22,28,23,0,1886.98,0,63.08
2017/5/19,2.16,28,24,0,1886.98,0,63.08
2017/5/20,2.03,30,24,0,1886.98,1,63.08
2017/5/21,1.75,27,23,0,1886.98,1,63.08
2017/5/22,2.08,29,22,0,1886.98,0,63.08
2017/5/23,2.27,29,21,0,1886.98,0,63.08
2017/5/24,2.27,30,22,0,1886.98,0,63.08
2017/5/25,2.22,32,22,0,1886.98,0,63.08
2017/5/26,2.17,32,23,0,1886.98,0,63.08
2017/5/27,2.14,31,24,0,1886.98,0,63.08
2017/5/28,1.96,32,25,0,1886.98,1,63.08
2017/5/29,1.77,32,26,1,1886.98,1,63.08
2017/5/30,1.2,32,26,1,1886.98,2,63.08
2017/5/31,2.01,34,27,1,1886.98,0,63.08
2017/6/1,2.41,33,26,1,1886.98,0,73.44
2017/6/2,2.54,34,28,1,1886.98,0,73.44
2017/6/3,2.53,34,27,1,1886.98,1,73.44
2017/6/4,2.24,32,26,1,1886.98,1,73.44
2017/6/5,2.59,34,27,1,1886.98,0,73.44
2017/6/6,2.7,34,27,1,1886.98,0,73.44
2017/6/7,2.65,33,26,1,1886.98,0,73.44
2017/6/8,2.66,33,27,1,1886.98,0,73.44
2017/6/9,2.6,33,27,1,1886.98,0,73.44
2017/6/10,2.51,30,26,1,1886.98,1,73.44
2017/6/11,2.15,30,25,1,1886.98,1,73.44
2017/6/12,2.45,31,26,1,1886.98,0,73.44
2017/6/13,2.42,30,25,1,1886.98,0,73.44
2017/6/14,2.41,28,24,1,1886.98,0,73.44
2017/6/15,2.49,29,24,1,1886.98,0,73.44
2017/6/16,2.45,29,26,1,1886.98,0,73.44
2017/6/17,2.21,30,25,1,1886.98,1,73.44
2017/6/18,1.81,31,25,1,1886.98,1,73.44
2017/6/19,2.21,30,26,1,1886.98,0,73.44
2017/6/20,2.32,33,26,1,1886.98,0,73.44
2017/6/21,2.4,33,26,1,1886.98,0,73.44
2017/6/22,2.47,33,27,1,1886.98,0,73.44
2017/6/23,2.54,33,27,1,1886.98,0,73.44
2017/6/24,2.47,33,27,1,1886.98,1,73.44
2017/6/25,2.12,33,27,1,1886.98,1,73.44
2017/6/26,2.55,33,27,1,1886.98,0,73.44
2017/6/27,2.67,33,27,1,1886.98,0,73.44
2017/6/28,2.67,32,26,1,1886.98,0,73.44
2017/6/29,2.65,31,26,1,1886.98,0,73.44
2017/6/30,2.55,28,24,1,1886.98,0,73.44
2017/7/1,2.38,30,25,1,2323.33,1,75.52
2017/7/2,1.97,32,25,1,2323.33,1,75.52
2017/7/3,2.28,30,26,1,2323.33,0,75.52
2017/7/4,2.36,31,25,1,2323.33,0,75.52
2017/7/5,2.45,30,25,1,2323.33,0,75.52
2017/7/6,2.43,32,26,1,2323.33,0,75.52
2017/7/7,2.43,32,26,1,2323.33,0,75.52
2017/7/8,2.33,32,26,1,2323.33,1,75.52
2017/7/9,2.01,33,26,1,2323.33,1,75.52
2017/7/10,2.47,33,26,1,2323.33,0,75.52
2017/7/11,2.62,34,26,1,2323.33,0,75.52
2017/7/12,2.62,33,26,1,2323.33,0,75.52
2017/7/13,2.65,30,25,1,2323.33,0,75.52
2017/7/14,2.68,30,25,1,2323.33,0,75.52
2017/7/15,2.53,30,25,1,2323.33,1,75.52
2017/7/16,2.01,31,24,1,2323.33,1,75.52
2017/7/17,2.33,32,25,1,2323.33,0,75.52
2017/7/18,2.31,33,25,1,2323.33,0,75.52
2017/7/19,2.37,34,26,1,2323.33,0,75.52
2017/7/20,2.45,30,26,1,2323.33,0,75.52
2017/7/21,2.55,29,25,1,2323.33,0,75.52
2017/7/22,2.52,34,26,1,2323.33,1,75.52
2017/7/23,2.03,34,26,1,2323.33,1,75.52
2017/7/24,2.39,35,26,1,2323.33,0,75.52
2017/7/25,2.59,35,26,1,2323.33,0,75.52
2017/7/26,2.64,36,27,1,2323.33,0,75.52
2017/7/27,2.63,37,29,1,2323.33,0,75.52
2017/7/28,2.7,34,27,1,2323.33,0,75.52
2017/7/29,2.7,33,27,1,2323.33,1,75.52
2017/7/30,2.36,33,27,1,2323.33,1,75.52
2017/7/31,2.73,30,26,1,2323.33,0,75.52
2017/8/1,2.84,31,25,1,2323.33,0,81.11
2017/8/2,2.73,33,26,1,2323.33,0,81.11
2017/8/3,2.61,35,26,1,2323.33,0,81.11
2017/8/4,2.56,35,27,1,2323.33,0,81.11
2017/8/5,2.54,34,28,1,2323.33,1,81.11
2017/8/6,2.24,34,28,1,2323.33,1,81.11
2017/8/7,2.73,33,27,1,2323.33,0,81.11
2017/8/8,2.86,33,27,1,2323.33,0,81.11
2017/8/9,2.81,34,28,1,2323.33,0,81.11
2017/8/10,2.74,34,28,1,2323.33,0,81.11
2017/8/11,2.75,34,28,1,2323.33,0,81.11
2017/8/12,2.67,34,28,1,2323.33,1,81.11
2017/8/13,2.27,33,26,1,2323.33,1,81.11
2017/8/14,2.7,34,27,1,2323.33,0,81.11
2017/8/15,2.78,35,27,1,2323.33,0,81.11
2017/8/16,2.77,36,27,1,2323.33,0,81.11
2017/8/17,2.8,36,27,1,2323.33,0,81.11
2017/8/18,2.82,36,27,1,2323.33,0,81.11
2017/8/19,2.73,37,28,1,2323.33,1,81.11
2017/8/20,2.36,28,26,1,2323.33,1,81.11
2017/8/21,2.83,32,26,1,2323.33,0,81.11
2017/8/22,2.94,34,26,1,2323.33,0,81.11
2017/8/23,2.59,33,26,1,2323.33,0,81.11
2017/8/24,2.62,29,26,1,2323.33,0,81.11
2017/8/25,2.66,29,25,1,2323.33,0,81.11
2017/8/26,2.52,32,26,1,2323.33,1,81.11
2017/8/27,1.91,35,26,1,2323.33,1,81.11
2017/8/28,2.18,34,26,1,2323.33,0,81.11
2017/8/29,2.4,35,26,2,2323.33,0,81.11
2017/8/30,2.58,35,26,2,2323.33,0,81.11
2017/8/31,2.57,34,25,2,2323.33,0,81.11
2017/9/1,2.53,28,25,2,2323.33,0,76.97
2017/9/2,2.48,32,25,2,2323.33,1,76.97
2017/9/3,2.12,32,26,2,2323.33,1,76.97
2017/9/4,2.35,32,26,2,2323.33,0,76.97
2017/9/5,2.48,32,26,2,2323.33,0,76.97
2017/9/6,2.53,33,26,2,2323.33,0,76.97
2017/9/7,2.53,33,26,2,2323.33,0,76.97
2017/9/8,2.5,34,26,2,2323.33,0,76.97
2017/9/9,2.47,35,26,2,2323.33,1,76.97
2017/9/10,2.15,35,26,2,2323.33,1,76.97
2017/9/11,2.58,34,26,2,2323.33,0,76.97
2017/9/12,2.75,34,26,2,2323.33,0,76.97
2017/9/13,2.74,35,26,2,2323.33,0,76.97
2017/9/14,2.7,35,26,2,2323.33,0,76.97
2017/9/15,2.65,35,26,2,2323.33,0,76.97
2017/9/16,2.59,34,26,2,2323.33,1,76.97
2017/9/17,2.28,33,25,2,2323.33,1,76.97
2017/9/18,2.64,34,26,2,2323.33,0,76.97
2017/9/19,2.72,33,26,2,2323.33,0,76.97
2017/9/20,2.72,32,26,2,2323.33,0,76.97
2017/9/21,2.72,33,26,2,2323.33,0,76.97
2017/9/22,2.7,33,26,2,2323.33,0,76.97
2017/9/23,2.65,34,26,2,2323.33,1,76.97
2017/9/24,2.35,35,26,2,2323.33,1,76.97
2017/9/25,2.64,35,26,2,2323.33,0,76.97
2017/9/26,2.73,34,26,2,2323.33,0,76.97
2017/9/27,2.79,32,26,2,2323.33,0,76.97
2017/9/28,2.81,32,27,2,2323.33,0,76.97
2017/9/29,2.7,32,27,2,2323.33,0,76.97
2017/9/30,2.37,33,27,2,2323.33,0,76.97
2017/10/1,1.4,31,26,2,2097.4,2,63.74
2017/10/2,1.28,32,25,2,2097.4,2,63.74
2017/10/3,1.34,33,26,2,2097.4,2,63.74
2017/10/4,1.25,33,26,2,2097.4,2,63.74
2017/10/5,1.77,34,27,2,2097.4,1,63.74
2017/10/6,2.22,33,26,2,2097.4,1,63.74
2017/10/7,2.39,33,26,2,2097.4,1,63.74
2017/10/8,2.35,33,26,2,2097.4,1,63.74
2017/10/9,2.59,32,26,2,2097.4,0,63.74
2017/10/10,2.7,30,22,2,2097.4,0,63.74
2017/10/11,2.76,27,22,2,2097.4,0,63.74
2017/10/12,2.69,23,20,2,2097.4,0,63.74
2017/10/13,2.4,24,20,2,2097.4,0,63.74
2017/10/14,2.15,27,21,2,2097.4,1,63.74
2017/10/15,1.72,29,22,2,2097.4,1,63.74
2017/10/16,2.0,28,22,2,2097.4,0,63.74
2017/10/17,2.13,29,21,2,2097.4,0,63.74
2017/10/18,2.19,27,20,2,2097.4,0,63.74
2017/10/19,2.17,26,17,2,2097.4,0,63.74
2017/10/20,2.14,26,17,2,2097.4,0,63.74
2017/10/21,2.05,28,20,2,2097.4,1,63.74
2017/10/22,1.71,28,20,2,2097.4,1,63.74
2017/10/23,2.01,20,0,2,2097.4,0,63.74
2017/10/24,2.12,20,0,2,2097.4,0,63.74
2017/10/25,2.14,19,0,2,2097.4,0,63.74
2017/10/26,2.16,18,0,2,2097.4,0,63.74
2017/10/27,2.16,26,18,2,2097.4,0,63.74
2017/10/28,2.07,25,16,2,2097.4,1,63.74
2017/10/29,1.72,26,17,2,2097.4,1,63.74
2017/10/30,1.97,28,17,2,2097.4,0,63.74
2017/10/31,1.99,27,18,2,2097.4,0,63.74
2017/11/1,1.97,25,19,2,2097.4,0,59.89
2017/11/2,2.06,26,19,2,2097.4,0,59.89
2017/11/3,2.08,26,20,2,2097.4,0,59.89
2017/11/4,2.0,24,20,2,2097.4,1,59.89
2017/11/5,1.62,25,19,2,2097.4,1,59.89
2017/11/6,1.97,28,20,2,2097.4,0,59.89
2017/11/7,2.09,30,22,2,2097.4,0,59.89
2017/11/8,2.11,29,22,2,2097.4,0,59.89
2017/11/9,2.14,27,22,2,2097.4,0,59.89
2017/11/10,2.19,23,20,2,2097.4,0,59.89
2017/11/11,2.11,24,20,2,2097.4,1,59.89
2017/11/12,1.72,24,20,2,2097.4,1,59.89
2017/11/13,2.02,26,19,2,2097.4,0,59.89
2017/11/14,2.12,28,21,2,2097.4,0,59.89
2017/11/15,2.11,24,16,2,2097.4,0,59.89
2017/11/16,2.1,18,16,2,2097.4,0,59.89
2017/11/17,2.14,16,13,2,2097.4,0,59.89
2017/11/18,2.05,16,13,2,2097.4,1,59.89
2017/11/19,1.62,19,14,2,2097.4,1,59.89
2017/11/20,1.95,18,13,2,2097.4,0,59.89
2017/11/21,2.04,16,12,2,2097.4,0,59.89
2017/11/22,2.03,16,14,2,2097.4,0,59.89
2017/11/23,2.03,19,14,2,2097.4,0,59.89
2017/11/24,2.04,22,16,2,2097.4,0,59.89
2017/11/25,1.95,23,18,2,2097.4,1,59.89
2017/11/26,1.61,28,21,2,2097.4,1,59.89
2017/11/27,1.92,26,19,2,2097.4,0,59.89
2017/11/28,2.03,22,16,3,2097.4,0,59.89
2017/11/29,2.06,23,15,3,2097.4,0,59.89
2017/11/30,2.01,23,16,3,2097.4,0,59.89
2017/12/1,1.94,22,16,3,2097.4,0,58.59
2017/12/2,1.88,20,15,3,2097.4,1,58.59
2017/12/3,1.53,21,14,3,2097.4,1,58.59
2017/12/4,1.89,21,14,3,2097.4,0,58.59
2017/12/5,2.0,20,10,3,2097.4,0,58.59
2017/12/6,1.99,18,10,3,2097.4,0,58.59
2017/12/7,2.01,21,11,3,2097.4,0,58.59
2017/12/8,2.0,22,15,3,2097.4,0,58.59
2017/12/9,1.93,20,14,3,2097.4,1,58.59
2017/12/10,1.59,20,16,3,2097.4,1,58.59
2017/12/11,1.89,20,16,3,2097.4,0,58.59
2017/12/12,1.99,19,13,3,2097.4,0,58.59
2017/12/13,2.01,16,12,3,2097.4,0,58.59
2017/12/14,2.01,12,9,3,2097.4,0,58.59
2017/12/15,2.0,16,6,3,2097.4,0,58.59
2017/12/16,1.93,17,7,3,2097.4,1,58.59
2017/12/17,1.61,18,7,3,2097.4,1,58.59
2017/12/18,1.93,20,10,3,2097.4,0,58.59
2017/12/19,2.03,20,12,3,2097.4,0,58.59
2017/12/20,2.03,21,14,3,2097.4,0,58.59
2017/12/21,2.03,22,15,3,2097.4,0,58.59
2017/12/22,2.0,21,11,3,2097.4,0,58.59
2017/12/23,1.94,22,13,3,2097.4,1,58.59
2017/12/24,1.65,22,15,3,2097.4,1,58.59
2017/12/25,1.91,21,16,3,2097.4,0,58.59
2017/12/26,1.98,23,15,3,2097.4,0,58.59
2017/12/27,1.99,22,13,3,2097.4,0,58.59
2017/12/28,1.97,21,13,3,2097.4,0,58.59
2017/12/29,1.91,22,12,3,2097.4,0,58.59
2017/12/30,1.73,22,15,3,2097.4,1,58.59
2017/12/31,1.29,24,18,3,2097.4,1,58.59
2018/1/1,0.87,25,16,3,1797.58,2,59.34
2018/1/2,1.64,21,18,3,1797.58,0,59.34
2018/1/3,1.94,18,15,3,1797.58,0,59.34
2018/1/4,1.98,17,13,3,1797.58,0,59.34
2018/1/5,2.0,15,5,3,1797.58,0,59.34
2018/1/6,1.97,8,5,3,1797.58,1,59.34
2018/1/7,1.7,13,8,3,1797.58,1,59.34
2018/1/8,1.97,16,7,3,1797.58,0,59.34
2018/1/9,2.09,16,7,3,1797.58,0,59.34
2018/1/10,2.08,17,7,3,1797.58,0,59.34
2018/1/11,2.06,19,10,3,1797.58,0,59.34
2018/1/12,2.06,20,11,3,1797.58,0,59.34
2018/1/13,1.99,22,12,3,1797.58,1,59.34
2018/1/14,1.68,24,14,3,1797.58,1,59.34
2018/1/15,1.92,25,17,3,1797.58,0,59.34
2018/1/16,2.0,24,16,3,1797.58,0,59.34
2018/1/17,2.01,23,17,3,1797.58,0,59.34
2018/1/18,2.05,24,17,3,1797.58,0,59.34
2018/1/19,2.07,24,17,3,1797.58,0,59.34
2018/1/20,1.95,22,15,3,1797.58,1,59.34
2018/1/21,1.71,22,16,3,1797.58,1,59.34
2018/1/22,1.96,22,14,3,1797.58,0,59.34
2018/1/23,2.02,18,13,3,1797.58,0,59.34
2018/1/24,2.02,16,8,3,1797.58,0,59.34
2018/1/25,2.01,13,7,3,1797.58,0,59.34
2018/1/26,1.99,8,6,3,1797.58,0,59.34
2018/1/27,1.92,7,4,3,1797.58,1,59.34
2018/1/28,1.69,7,5,3,1797.58,1,59.34
2018/1/29,1.95,13,5,3,1797.58,0,59.34
2018/1/30,2.04,11,5,3,1797.58,0,59.34
2018/1/31,2.0,12,5,3,1797.58,0,59.34
2018/2/1,1.92,14,7,3,1797.58,0,28.75
2018/2/2,1.9,10,5,3,1797.58,0,28.75
2018/2/3,1.78,15,6,3,1797.58,1,28.75
2018/2/4,1.6,14,8,3,1797.58,1,28.75
2018/2/5,1.63,17,9,3,1797.58,0,28.75
2018/2/6,1.52,17,14,3,1797.58,0,28.75
2018/2/7,1.4,18,14,3,1797.58,0,28.75
2018/2/8,1.22,17,10,3,1797.58,0,28.75
2018/2/9,1.06,18,9,3,1797.58,0,28.75
2018/2/10,0.88,20,12,3,1797.58,1,28.75
2018/2/11,0.75,20,12,3,1797.58,0,28.75
2018/2/12,0.68,25,15,3,1797.58,0,28.75
2018/2/13,0.6,25,15,3,1797.58,0,28.75
2018/2/14,0.53,26,16,3,1797.58,0,28.75
2018/2/15,0.45,23,17,3,1797.58,1,28.75
2018/2/16,0.41,24,19,3,1797.58,2,28.75
2018/2/17,0.42,28,17,3,1797.58,2,28.75
2018/2/18,0.43,21,14,3,1797.58,2,28.75
2018/2/19,0.48,14,12,3,1797.58,1,28.75
2018/2/20,0.53,16,10,3,1797.58,1,28.75
2018/2/21,0.6,20,14,3,1797.58,1,28.75
2018/2/22,0.7,20,13,3,1797.58,0,28.75
2018/2/23,0.88,23,15,3,1797.58,0,28.75
2018/2/24,1.01,24,18,3,1797.58,0,28.75
2018/2/25,1.08,25,17,3,1797.58,1,28.75
2018/2/26,1.31,28,18,0,1797.58,0,28.75
2018/2/27,1.45,28,20,0,1797.58,0,28.75
2018/2/28,1.53,28,21,0,1797.58,0,28.75
2018/3/1,1.61,27,22,0,1797.58,0,59.33
2018/3/2,1.61,27,21,0,1797.58,0,59.33
2018/3/3,1.67,22,20,0,1797.58,1,59.33
2018/3/4,1.51,25,14,0,1797.58,1,59.33
2018/3/5,1.82,13,10,0,1797.58,0,59.33
2018/3/6,1.87,17,8,0,1797.58,0,59.33
2018/3/7,1.9,22,11,0,1797.58,0,59.33
2018/3/8,1.91,24,15,0,1797.58,0,59.33
2018/3/9,1.92,25,14,0,1797.58,0,59.33
2018/3/10,1.88,27,16,0,1797.58,1,59.33
2018/3/11,1.59,26,17,0,1797.58,1,59.33
2018/3/12,1.89,25,20,0,1797.58,0,59.33
2018/3/13,2.0,27,19,0,1797.58,0,59.33
2018/3/14,2.04,25,19,0,1797.58,0,59.33
2018/3/15,2.05,26,19,0,1797.58,0,59.33
2018/3/16,2.06,26,14,0,1797.58,0,59.33
2018/3/17,1.99,20,13,0,1797.58,1,59.33
2018/3/18,1.66,21,12,0,1797.58,1,59.33
2018/3/19,2.0,24,14,0,1797.58,0,59.33
2018/3/20,2.05,25,15,0,1797.58,0,59.33
2018/3/21,2.04,26,16,0,1797.58,0,59.33
2018/3/22,2.05,25,18,0,1797.58,0,59.33
2018/3/23,2.06,25,18,0,1797.58,0,59.33
2018/3/24,2.02,27,18,0,1797.58,1,59.33
2018/3/25,1.68,28,19,0,1797.58,1,59.33
2018/3/26,1.99,26,18,0,1797.58,0,59.33
2018/3/27,2.1,28,20,0,1797.58,0,59.33
2018/3/28,2.12,28,20,0,1797.58,0,59.33
2018/3/29,2.12,29,20,0,1797.58,0,59.33
2018/3/30,2.12,29,20,0,1797.58,0,59.33
2018/3/31,2.0,29,20,0,1797.58,1,59.33
2018/4/1,1.72,30,21,0,2071.02,1,60.53
2018/4/2,2.06,29,15,0,2071.02,0,60.53
2018/4/3,2.15,24,15,0,2071.02,0,60.53
2018/4/4,2.07,19,11,0,2071.02,0,60.53
2018/4/5,1.18,23,12,0,2071.02,2,60.53
2018/4/6,1.54,27,16,0,2071.02,1,60.53
2018/4/7,1.81,28,21,0,2071.02,1,60.53
2018/4/8,1.84,28,21,0,2071.02,0,60.53
2018/4/9,2.04,29,22,0,2071.02,0,60.53
2018/4/10,2.13,29,24,0,2071.02,0,60.53
2018/4/11,2.19,30,24,0,2071.02,0,60.53
2018/4/12,2.24,18,16,0,2071.02,0,60.53
2018/4/13,2.29,18,15,0,2071.02,0,60.53
2018/4/14,2.24,24,16,0,2071.02,1,60.53
2018/4/15,1.73,27,19,0,2071.02,1,60.53
2018/4/16,1.99,27,20,0,2071.02,0,60.53
2018/4/17,2.09,27,21,0,2071.02,0,60.53
2018/4/18,2.14,29,22,0,2071.02,0,60.53
2018/4/19,2.16,29,22,0,2071.02,0,60.53
2018/4/20,2.18,29,22,0,2071.02,0,60.53
2018/4/21,2.15,24,20,0,2071.02,1,60.53
2018/4/22,1.82,26,21,0,2071.02,1,60.53
2018/4/23,2.18,25,22,0,2071.02,0,60.53
2018/4/24,2.26,24,22,0,2071.02,0,60.53
2018/4/25,2.2,28,22,0,2071.02,0,60.53
2018/4/26,2.19,28,22,0,2071.02,0,60.53
2018/4/27,2.21,29,23,0,2071.02,0,60.53
2018/4/28,2.18,31,24,0,2071.02,0,60.53
2018/4/29,1.95,31,24,0,2071.02,1,60.53
2018/4/30,1.6,30,24,0,2071.02,1,60.53
2018/5/1,1.11,26,21,0,2071.02,2,77.33
2018/5/2,2.0,29,24,0,2071.02,0,77.33
2018/5/3,2.39,30,24,0,2071.02,0,77.33
2018/5/4,2.27,30,24,0,2071.02,0,77.33
2018/5/5,2.29,28,23,0,2071.02,1,77.33
2018/5/6,2.04,26,21,0,2071.02,1,77.33
2018/5/7,2.39,26,21,0,2071.02,0,77.33
2018/5/8,2.38,28,22,0,2071.02,0,77.33
2018/5/9,2.32,29,23,0,2071.02,0,77.33
2018/5/10,2.25,31,24,0,2071.02,0,77.33
2018/5/11,2.29,33,25,0,2071.02,0,77.33
2018/5/12,2.29,33,25,0,2071.02,1,77.33
2018/5/13,1.96,33,26,0,2071.02,1,77.33
2018/5/14,2.48,32,26,0,2071.02,0,77.33
2018/5/15,2.63,33,26,0,2071.02,0,77.33
2018/5/16,2.62,34,26,0,2071.02,0,77.33
2018/5/17,2.69,35,26,0,2071.02,0,77.33
2018/5/18,2.76,34,26,0,2071.02,0,77.33
2018/5/19,2.72,35,27,0,2071.02,1,77.33
2018/5/20,2.34,35,27,0,2071.02,1,77.33
2018/5/21,2.75,35,26,0,2071.02,0,77.33
2018/5/22,2.88,33,26,0,2071.02,0,77.33
2018/5/23,2.92,34,27,0,2071.02,0,77.33
2018/5/24,2.93,34,27,0,2071.02,0,77.33
2018/5/25,2.89,35,26,0,2071.02,0,77.33
2018/5/26,2.84,36,26,0,2071.02,1,77.33
2018/5/27,2.4,35,27,0,2071.02,1,77.33
2018/5/28,2.74,36,28,0,2071.02,0,77.33
2018/5/29,2.9,34,27,1,2071.02,0,77.33
2018/5/30,2.95,32,26,1,2071.02,0,77.33
2018/5/31,2.91,34,26,1,2071.02,0,77.33
2018/6/1,2.79,33,26,1,2071.02,0,74.68
2018/6/2,2.62,31,26,1,2071.02,1,74.68
2018/6/3,2.23,28,25,1,2071.02,1,74.68
2018/6/4,2.66,27,24,1,2071.02,0,74.68
2018/6/5,2.7,26,24,1,2071.02,0,74.68
2018/6/6,2.54,30,25,1,2071.02,0,74.68
2018/6/7,2.44,33,25,1,2071.02,0,74.68
2018/6/8,2.38,34,25,1,2071.02,0,74.68
2018/6/9,2.35,30,25,1,2071.02,1,74.68
2018/6/10,2.08,27,23,1,2071.02,1,74.68
2018/6/11,2.53,30,25,1,2071.02,0,74.68
2018/6/12,2.6,31,24,1,2071.02,0,74.68
2018/6/13,2.4,31,25,1,2071.02,0,74.68
2018/6/14,2.39,33,25,1,2071.02,0,74.68
2018/6/15,2.41,33,26,1,2071.02,0,74.68
2018/6/16,2.36,32,27,1,2071.02,1,74.68
2018/6/17,1.96,33,27,1,2071.02,1,74.68
2018/6/18,1.52,32,27,1,2071.02,2,74.68
2018/6/19,2.47,30,27,1,2071.02,0,74.68
2018/6/20,2.83,29,24,1,2071.02,0,74.68
2018/6/21,2.85,31,25,1,2071.02,0,74.68
2018/6/22,2.72,31,25,1,2071.02,0,74.68
2018/6/23,2.47,33,25,1,2071.02,1,74.68
2018/6/24,2.18,33,26,1,2071.02,1,74.68
2018/6/25,2.55,34,26,1,2071.02,0,74.68
2018/6/26,2.64,35,27,1,2071.02,0,74.68
2018/6/27,2.71,35,27,1,2071.02,0,74.68
2018/6/28,2.78,34,27,1,2071.02,0,74.68
2018/6/29,2.84,34,27,1,2071.02,0,74.68
2018/6/30,2.68,33,27,1,2071.02,1,74.68
2018/7/1,2.17,33,27,1,2204.74,1,83.91
2018/7/2,2.65,33,27,1,2204.74,0,83.91
2018/7/3,2.77,33,28,1,2204.74,0,83.91
2018/7/4,2.86,31,27,1,2204.74,0,83.91
2018/7/5,2.86,31,26,1,2204.74,0,83.91
2018/7/6,2.86,32,26,1,2204.74,0,83.91
2018/7/7,2.65,34,26,1,2204.74,1,83.91
2018/7/8,2.16,35,26,1,2204.74,1,83.91
2018/7/9,2.62,34,26,1,2204.74,0,83.91
2018/7/10,2.81,30,25,1,2204.74,0,83.91
2018/7/11,2.9,30,24,1,2204.74,0,83.91
2018/7/12,2.97,30,25,1,2204.74,0,83.91
2018/7/13,2.84,31,26,1,2204.74,0,83.91
2018/7/14,2.59,34,26,1,2204.74,1,83.91
2018/7/15,2.07,31,27,1,2204.74,1,83.91
2018/7/16,2.58,33,27,1,2204.74,0,83.91
2018/7/17,2.87,34,27,1,2204.74,0,83.91
2018/7/18,2.89,34,26,1,2204.74,0,83.91
2018/7/19,2.9,34,26,1,2204.74,0,83.91
2018/7/20,2.9,31,25,1,2204.74,0,83.91
2018/7/21,2.82,31,25,1,2204.74,1,83.91
2018/7/22,2.4,33,25,1,2204.74,1,83.91
2018/7/23,2.82,32,26,1,2204.74,0,83.91
2018/7/24,2.85,33,26,1,2204.74,0,83.91
2018/7/25,2.84,34,26,1,2204.74,0,83.91
2018/7/26,2.8,34,26,1,2204.74,0,83.91
2018/7/27,2.81,34,26,1,2204.74,0,83.91
2018/7/28,2.74,34,26,1,2204.74,1,83.91
2018/7/29,2.3,33,26,1,2204.74,1,83.91
2018/7/30,2.76,33,26,1,2204.74,0,83.91
2018/7/31,2.85,32,26,1,2204.74,0,83.91
2018/8/1,2.86,33,26,1,2204.74,0,82.96
2018/8/2,2.94,34,26,1,2204.74,0,82.96
2018/8/3,2.84,34,26,1,2204.74,0,82.96
2018/8/4,2.74,34,26,1,2204.74,1,82.96
2018/8/5,2.34,34,26,1,2204.74,1,82.96
2018/8/6,2.79,35,26,1,2204.74,0,82.96
2018/8/7,2.91,32,26,1,2204.74,0,82.96
2018/8/8,2.93,28,25,1,2204.74,0,82.96
2018/8/9,3.0,29,25,1,2204.74,0,82.96
2018/8/10,2.87,32,26,1,2204.74,0,82.96
2018/8/11,2.59,31,26,1,2204.74,1,82.96
2018/8/12,2.12,32,26,1,2204.74,1,82.96
2018/8/13,2.68,32,26,1,2204.74,0,82.96
2018/8/14,2.82,31,26,1,2204.74,0,82.96
2018/8/15,2.71,31,26,1,2204.74,0,82.96
2018/8/16,2.67,32,26,1,2204.74,0,82.96
2018/8/17,2.67,32,26,1,2204.74,0,82.96
2018/8/18,2.57,33,26,1,2204.74,1,82.96
2018/8/19,2.18,33,27,1,2204.74,1,82.96
2018/8/20,2.61,33,26,1,2204.74,0,82.96
2018/8/21,2.8,34,26,1,2204.74,0,82.96
2018/8/22,2.78,35,27,1,2204.74,0,82.96
2018/8/23,2.77,35,27,1,2204.74,0,82.96
2018/8/24,2.81,31,25,1,2204.74,0,82.96
2018/8/25,2.77,29,24,1,2204.74,1,82.96
2018/8/26,2.3,29,24,1,2204.74,1,82.96
2018/8/27,2.62,29,24,1,2204.74,0,82.96
2018/8/28,2.6,30,25,1,2204.74,0,82.96
2018/8/29,2.52,30,23,2,2204.74,0,82.96
2018/8/30,2.4,31,25,2,2204.74,0,82.96
2018/8/31,2.75,32,25,2,2204.74,0,82.96
